area,Date,C_025,C_25,C_50,C_75,C_975,provenance
Buckinghamshire,2020-08-01,3.6,3.6,3.6,3.6,3.6,inferred
Buckinghamshire,2020-08-02,3.5,3.5,3.5,3.5,3.6,inferred
Buckinghamshire,2020-08-03,3.6,3.6,3.6,3.6,3.6,inferred
Buckinghamshire,2020-08-04,3.7,3.8,3.8,3.8,3.9,inferred
Buckinghamshire,2020-08-05,3.8,3.9,4.1,4.2,4.4,inferred
Buckinghamshire,2020-08-06,3.6,3.9,4.3,4.6,4.8,inferred
Buckinghamshire,2020-08-07,3.6,3.8,4.6,5.0,5.2,inferred
Buckinghamshire,2020-08-08,3.8,4.0,4.8,5.3,5.7,inferred
Buckinghamshire,2020-08-09,4.1,4.4,4.9,5.4,6.2,inferred
Buckinghamshire,2020-08-10,4.6,4.8,5.0,5.2,6.7,inferred
Buckinghamshire,2020-08-11,4.6,5.1,5.3,5.5,7.2,inferred
Buckinghamshire,2020-08-12,4.1,5.3,5.5,6.0,7.5,inferred
Buckinghamshire,2020-08-13,4.4,5.5,6.1,6.6,7.6,inferred
Buckinghamshire,2020-08-14,5.3,5.9,6.4,7.1,7.8,inferred
Buckinghamshire,2020-08-15,5.8,6.1,6.6,7.7,8.2,inferred
Buckinghamshire,2020-08-16,6.1,6.5,6.7,8.2,8.3,inferred
Buckinghamshire,2020-08-17,6.3,6.5,7.0,7.9,8.6,inferred
Buckinghamshire,2020-08-18,6.3,6.7,7.2,8.0,8.7,inferred
Buckinghamshire,2020-08-19,6.2,6.8,7.2,7.7,8.4,inferred
Buckinghamshire,2020-08-20,6.1,7.0,7.3,7.7,8.7,inferred
Buckinghamshire,2020-08-21,5.8,6.9,7.3,7.7,8.6,inferred
Buckinghamshire,2020-08-22,5.7,7.1,7.6,8.0,8.3,inferred
Buckinghamshire,2020-08-23,5.8,7.4,7.7,8.4,8.8,inferred
Buckinghamshire,2020-08-24,6.2,7.5,8.0,9.3,9.5,inferred
Buckinghamshire,2020-08-25,6.8,7.9,8.6,9.9,10.1,inferred
Buckinghamshire,2020-08-26,7.3,8.5,9.3,10.4,10.8,inferred
Buckinghamshire,2020-08-27,7.8,9.6,10.1,10.9,11.9,inferred
Buckinghamshire,2020-08-28,8.3,9.8,10.9,11.1,12.9,inferred
Buckinghamshire,2020-08-29,9.0,10.2,10.8,11.6,12.9,inferred
Buckinghamshire,2020-08-30,9.6,10.2,10.6,11.7,12.3,inferred
Buckinghamshire,2020-08-31,9.3,9.6,10.5,11.5,12.0,inferred
Buckinghamshire,2020-09-01,8.8,9.4,10.2,11.5,11.7,inferred
Buckinghamshire,2020-09-02,8.2,9.4,10.4,11.5,12.6,inferred
Buckinghamshire,2020-09-03,8.1,8.9,10.3,11.8,13.8,inferred
Buckinghamshire,2020-09-04,8.4,8.6,9.9,11.9,14.3,inferred
Buckinghamshire,2020-09-05,8.4,8.6,9.2,11.8,13.8,inferred
Buckinghamshire,2020-09-06,8.2,8.4,9.2,11.7,12.5,inferred
Buckinghamshire,2020-09-07,8.1,8.4,9.7,11.2,11.6,inferred
Buckinghamshire,2020-09-08,8.1,8.7,9.7,10.4,11.5,inferred
Buckinghamshire,2020-09-09,8.1,8.8,9.6,10.1,11.7,inferred
Buckinghamshire,2020-09-10,8.2,8.3,9.4,11.0,11.8,inferred
Buckinghamshire,2020-09-11,7.6,8.7,9.7,10.9,11.7,inferred
Buckinghamshire,2020-09-12,7.3,8.7,10.5,11.3,11.8,inferred
Buckinghamshire,2020-09-13,7.6,8.9,10.5,11.8,12.2,inferred
Buckinghamshire,2020-09-14,8.5,9.5,10.6,11.7,12.9,inferred
Buckinghamshire,2020-09-15,9.8,10.0,10.6,11.6,13.7,inferred
Buckinghamshire,2020-09-16,10.3,10.7,11.6,12.2,14.4,inferred
Buckinghamshire,2020-09-17,11.0,11.5,12.4,13.5,14.3,inferred
Buckinghamshire,2020-09-18,11.8,12.2,13.7,13.8,15.1,inferred
Buckinghamshire,2020-09-19,11.8,13.1,13.7,15.4,15.8,inferred
Buckinghamshire,2020-09-20,11.7,12.9,14.2,16.1,16.8,inferred
Buckinghamshire,2020-09-21,11.8,12.3,14.8,16.1,17.7,inferred
Buckinghamshire,2020-09-22,11.4,14.0,15.1,16.6,18.5,inferred
Buckinghamshire,2020-09-23,12.1,14.2,15.8,17.0,19.2,inferred
Buckinghamshire,2020-09-24,13.4,15.2,16.6,17.5,19.8,inferred
Buckinghamshire,2020-09-25,15.2,16.4,17.2,18.2,20.3,inferred
Buckinghamshire,2020-09-26,16.8,17.4,18.1,19.6,21.5,inferred
Buckinghamshire,2020-09-27,18.3,18.8,19.4,21.2,23.3,inferred
Buckinghamshire,2020-09-28,19.5,20.6,21.6,22.4,25.0,inferred
Buckinghamshire,2020-09-29,20.8,22.9,23.6,24.3,26.8,inferred
Buckinghamshire,2020-09-30,22.5,24.8,25.5,27.1,28.9,inferred
Buckinghamshire,2020-10-01,25.0,27.1,27.9,31.0,32.0,inferred
Buckinghamshire,2020-10-02,28.0,29.3,30.9,33.3,35.7,inferred
Buckinghamshire,2020-10-03,30.5,31.6,33.2,36.1,39.2,inferred
Buckinghamshire,2020-10-04,32.4,32.9,36.0,40.2,42.8,inferred
Buckinghamshire,2020-10-05,34.9,35.0,38.7,44.9,46.1,inferred
Buckinghamshire,2020-10-06,37.4,39.3,41.9,48.3,50.1,inferred
Buckinghamshire,2020-10-07,40.1,43.4,45.0,48.8,52.7,inferred
Buckinghamshire,2020-10-08,43.1,46.8,48.0,49.2,55.1,inferred
Buckinghamshire,2020-10-09,45.7,47.8,49.4,50.8,56.7,inferred
Buckinghamshire,2020-10-10,47.7,48.8,50.1,51.5,57.9,inferred
Buckinghamshire,2020-10-11,48.8,49.5,50.6,54.8,59.4,inferred
Buckinghamshire,2020-10-12,49.0,51.0,52.2,56.9,60.8,inferred
Buckinghamshire,2020-10-13,49.8,52.9,55.5,58.5,63.8,inferred
Buckinghamshire,2020-10-14,51.6,55.7,59.1,64.3,66.8,inferred
Buckinghamshire,2020-10-15,53.8,59.1,63.0,68.9,70.0,inferred
Buckinghamshire,2020-10-16,55.8,62.9,67.9,73.8,75.2,inferred
Buckinghamshire,2020-10-17,57.9,69.2,72.5,78.6,80.5,inferred
Buckinghamshire,2020-10-18,60.4,73.4,75.4,82.7,87.7,inferred
Buckinghamshire,2020-10-19,64.0,75.4,79.3,87.8,94.6,inferred
Buckinghamshire,2020-10-20,68.3,77.3,82.1,90.9,99.6,inferred
Buckinghamshire,2020-10-21,73.0,80.4,83.1,90.5,101.0,inferred
Buckinghamshire,2020-10-22,77.9,80.9,84.4,90.1,100.1,inferred
Buckinghamshire,2020-10-23,78.9,82.7,86.4,90.0,99.0,inferred
Buckinghamshire,2020-10-24,78.6,82.3,87.9,91.2,96.3,inferred
Buckinghamshire,2020-10-25,80.1,85.6,89.5,93.5,96.3,inferred
Buckinghamshire,2020-10-26,82.7,85.2,92.6,96.0,100.5,inferred
Buckinghamshire,2020-10-27,83.9,88.4,95.8,99.9,105.8,inferred
Buckinghamshire,2020-10-28,84.4,93.0,98.2,103.6,109.5,inferred
Buckinghamshire,2020-10-29,86.5,95.2,99.8,106.2,112.3,inferred
Buckinghamshire,2020-10-30,88.3,94.3,102.1,107.9,115.0,inferred
Buckinghamshire,2020-10-31,90.7,94.5,103.8,109.5,118.2,inferred
Buckinghamshire,2020-11-01,88.2,95.3,105.9,111.8,122.1,inferred
Buckinghamshire,2020-11-02,87.5,101.3,108.5,115.1,125.9,inferred
Buckinghamshire,2020-11-03,91.0,105.0,113.0,119.1,129.4,inferred
Buckinghamshire,2020-11-04,96.4,107.8,117.8,122.8,131.6,inferred
Buckinghamshire,2020-11-05,101.7,109.6,120.8,125.9,131.3,inferred
Buckinghamshire,2020-11-06,106.4,114.3,121.1,128.1,131.0,inferred
Buckinghamshire,2020-11-07,106.5,113.4,120.5,128.5,132.4,inferred
Buckinghamshire,2020-11-08,104.6,113.2,120.7,128.8,132.8,inferred
Buckinghamshire,2020-11-09,105.0,113.6,122.5,128.8,132.8,inferred
Buckinghamshire,2020-11-10,107.2,112.7,123.3,127.1,134.2,inferred
Buckinghamshire,2020-11-11,109.7,115.3,121.4,124.0,134.4,inferred
Buckinghamshire,2020-11-12,110.7,116.7,118.1,121.3,133.6,inferred
Buckinghamshire,2020-11-13,108.3,110.8,116.9,120.2,135.6,inferred
Buckinghamshire,2020-11-14,100.6,107.4,113.7,120.7,135.7,inferred
Buckinghamshire,2020-11-15,94.5,102.4,111.0,118.3,133.6,inferred
Buckinghamshire,2020-11-16,91.0,97.5,109.0,115.0,131.5,inferred
Buckinghamshire,2020-11-17,90.8,94.0,107.4,113.2,130.4,inferred
Buckinghamshire,2020-11-18,86.2,92.8,106.6,112.5,130.7,inferred
Buckinghamshire,2020-11-19,79.4,95.2,105.0,114.9,131.1,inferred
Buckinghamshire,2020-11-20,72.8,95.0,101.8,112.8,130.3,inferred
Cherwell,2020-08-01,0.8,0.8,0.8,0.8,0.8,inferred
Cherwell,2020-08-02,0.6,0.6,0.6,0.6,0.6,inferred
Cherwell,2020-08-03,0.6,0.6,0.6,0.6,0.6,inferred
Cherwell,2020-08-04,0.8,0.8,0.8,0.8,0.8,inferred
Cherwell,2020-08-05,1.0,1.1,1.1,1.2,1.2,inferred
Cherwell,2020-08-06,1.2,1.2,1.3,1.5,1.5,inferred
Cherwell,2020-08-07,1.2,1.3,1.4,1.6,1.8,inferred
Cherwell,2020-08-08,1.1,1.2,1.5,1.6,2.0,inferred
Cherwell,2020-08-09,1.1,1.2,1.4,1.8,2.2,inferred
Cherwell,2020-08-10,1.1,1.2,1.4,1.9,2.3,inferred
Cherwell,2020-08-11,1.0,1.2,1.5,1.9,2.2,inferred
Cherwell,2020-08-12,0.9,1.2,1.6,2.0,2.2,inferred
Cherwell,2020-08-13,0.9,1.2,1.6,2.1,2.2,inferred
Cherwell,2020-08-14,0.9,1.1,1.5,2.0,2.2,inferred
Cherwell,2020-08-15,0.9,1.0,1.6,2.0,2.2,inferred
Cherwell,2020-08-16,0.9,1.1,1.6,1.9,2.2,inferred
Cherwell,2020-08-17,0.8,1.4,1.6,1.7,2.3,inferred
Cherwell,2020-08-18,0.8,1.5,1.7,1.8,2.4,inferred
Cherwell,2020-08-19,0.9,1.4,1.7,2.0,2.5,inferred
Cherwell,2020-08-20,1.1,1.3,1.7,2.2,2.4,inferred
Cherwell,2020-08-21,1.3,1.3,1.7,2.2,2.4,inferred
Cherwell,2020-08-22,1.2,1.3,1.8,1.9,2.3,inferred
Cherwell,2020-08-23,1.2,1.3,1.7,1.8,2.1,inferred
Cherwell,2020-08-24,1.1,1.3,1.6,1.7,2.0,inferred
Cherwell,2020-08-25,1.1,1.3,1.5,1.7,1.9,inferred
Cherwell,2020-08-26,1.0,1.4,1.5,1.7,1.8,inferred
Cherwell,2020-08-27,1.0,1.4,1.5,1.7,1.9,inferred
Cherwell,2020-08-28,1.2,1.4,1.7,1.8,1.9,inferred
Cherwell,2020-08-29,1.3,1.4,1.7,1.8,2.0,inferred
Cherwell,2020-08-30,1.2,1.6,1.6,1.9,2.2,inferred
Cherwell,2020-08-31,1.3,1.4,1.7,1.9,2.2,inferred
Cherwell,2020-09-01,1.3,1.6,1.9,2.0,2.2,inferred
Cherwell,2020-09-02,1.3,1.8,1.9,2.1,2.5,inferred
Cherwell,2020-09-03,1.4,1.8,2.1,2.3,2.6,inferred
Cherwell,2020-09-04,1.5,2.0,2.4,2.5,2.7,inferred
Cherwell,2020-09-05,1.7,2.3,2.5,2.6,2.7,inferred
Cherwell,2020-09-06,1.8,2.6,2.7,2.8,3.1,inferred
Cherwell,2020-09-07,1.8,2.7,2.7,3.1,3.6,inferred
Cherwell,2020-09-08,1.7,2.7,2.8,3.3,3.7,inferred
Cherwell,2020-09-09,1.7,2.7,3.0,3.4,3.8,inferred
Cherwell,2020-09-10,1.9,2.9,3.3,3.6,4.2,inferred
Cherwell,2020-09-11,2.1,3.0,3.5,3.9,4.2,inferred
Cherwell,2020-09-12,2.3,3.0,3.7,3.9,4.7,inferred
Cherwell,2020-09-13,2.5,3.0,3.7,3.9,4.9,inferred
Cherwell,2020-09-14,2.5,3.3,3.6,4.0,5.0,inferred
Cherwell,2020-09-15,2.6,3.1,3.7,4.1,5.1,inferred
Cherwell,2020-09-16,2.5,3.2,3.6,4.2,5.3,inferred
Cherwell,2020-09-17,2.1,3.2,3.6,4.2,5.3,inferred
Cherwell,2020-09-18,1.9,3.1,3.5,4.2,5.0,inferred
Cherwell,2020-09-19,2.0,3.0,3.6,4.2,4.5,inferred
Cherwell,2020-09-20,2.3,2.8,3.7,4.0,4.4,inferred
Cherwell,2020-09-21,2.6,2.7,3.6,4.0,4.4,inferred
Cherwell,2020-09-22,2.5,3.1,3.5,3.9,4.2,inferred
Cherwell,2020-09-23,2.6,3.1,3.5,3.8,4.1,inferred
Cherwell,2020-09-24,2.6,3.3,3.6,4.1,4.1,inferred
Cherwell,2020-09-25,2.6,3.6,4.0,4.2,4.5,inferred
Cherwell,2020-09-26,3.0,4.1,4.2,4.6,5.3,inferred
Cherwell,2020-09-27,3.7,4.5,4.8,5.2,6.4,inferred
Cherwell,2020-09-28,4.6,5.2,5.7,6.0,7.4,inferred
Cherwell,2020-09-29,5.8,6.0,6.7,7.2,7.8,inferred
Cherwell,2020-09-30,6.1,6.9,7.7,8.1,8.3,inferred
Cherwell,2020-10-01,6.3,8.2,8.6,8.9,9.4,inferred
Cherwell,2020-10-02,7.0,9.0,9.5,9.9,10.7,inferred
Cherwell,2020-10-03,8.3,9.4,10.3,10.6,12.1,inferred
Cherwell,2020-10-04,9.6,9.9,10.9,11.3,12.8,inferred
Cherwell,2020-10-05,10.2,10.7,11.4,12.6,12.8,inferred
Cherwell,2020-10-06,10.5,11.7,12.2,13.0,13.7,inferred
Cherwell,2020-10-07,11.4,12.0,12.8,14.5,14.9,inferred
Cherwell,2020-10-08,11.8,12.5,13.4,14.9,16.3,inferred
Cherwell,2020-10-09,11.4,13.2,14.2,15.5,16.7,inferred
Cherwell,2020-10-10,11.0,13.7,14.6,16.4,17.0,inferred
Cherwell,2020-10-11,11.0,14.8,15.0,16.9,17.9,inferred
Cherwell,2020-10-12,11.3,15.5,16.0,17.7,19.5,inferred
Cherwell,2020-10-13,11.8,15.9,16.3,18.1,21.3,inferred
Cherwell,2020-10-14,12.9,15.6,17.2,18.8,22.6,inferred
Cherwell,2020-10-15,14.5,15.7,18.1,18.8,23.2,inferred
Cherwell,2020-10-16,16.3,17.1,18.7,19.6,23.3,inferred
Cherwell,2020-10-17,18.0,18.8,19.2,21.2,23.5,inferred
Cherwell,2020-10-18,20.1,20.5,21.2,24.5,24.9,inferred
Cherwell,2020-10-19,21.7,22.6,24.2,27.1,28.3,inferred
Cherwell,2020-10-20,23.6,24.9,26.6,29.9,30.8,inferred
Cherwell,2020-10-21,25.3,26.5,28.8,31.6,33.2,inferred
Cherwell,2020-10-22,26.4,27.3,29.5,31.9,35.2,inferred
Cherwell,2020-10-23,26.2,27.9,29.0,32.6,35.2,inferred
Cherwell,2020-10-24,25.8,27.4,28.6,32.4,34.9,inferred
Cherwell,2020-10-25,26.0,27.1,29.7,30.9,34.5,inferred
Cherwell,2020-10-26,27.0,28.5,29.4,31.6,34.1,inferred
Cherwell,2020-10-27,28.1,29.2,30.9,31.7,35.4,inferred
Cherwell,2020-10-28,29.0,30.0,32.2,34.5,36.2,inferred
Cherwell,2020-10-29,29.1,31.0,32.4,35.6,38.4,inferred
Cherwell,2020-10-30,29.3,31.3,32.9,35.5,39.5,inferred
Cherwell,2020-10-31,30.7,31.8,32.3,36.0,38.6,inferred
Cherwell,2020-11-01,31.9,32.5,33.7,34.7,37.3,inferred
Cherwell,2020-11-02,31.8,32.4,34.1,36.4,36.5,inferred
Cherwell,2020-11-03,30.8,33.0,34.1,36.4,38.3,inferred
Cherwell,2020-11-04,32.1,32.9,34.2,36.9,39.2,inferred
Cherwell,2020-11-05,31.8,33.1,34.0,35.8,39.1,inferred
Cherwell,2020-11-06,31.3,31.7,33.8,36.6,40.4,inferred
Cherwell,2020-11-07,30.5,30.6,32.7,37.9,42.9,inferred
Cherwell,2020-11-08,29.3,30.7,31.7,38.2,44.1,inferred
Cherwell,2020-11-09,28.1,30.8,31.7,37.5,42.9,inferred
Cherwell,2020-11-10,27.1,30.1,32.5,36.0,40.0,inferred
Cherwell,2020-11-11,26.2,29.0,32.7,34.0,38.3,inferred
Cherwell,2020-11-12,25.1,27.3,31.6,31.7,35.3,inferred
Cherwell,2020-11-13,24.2,25.7,29.1,29.8,31.6,inferred
Cherwell,2020-11-14,23.5,24.2,26.4,27.7,29.8,inferred
Cherwell,2020-11-15,21.0,22.9,24.1,25.4,29.2,inferred
Cherwell,2020-11-16,18.6,22.0,22.3,23.9,28.9,inferred
Cherwell,2020-11-17,17.4,20.0,21.6,23.4,28.9,inferred
Cherwell,2020-11-18,16.9,18.3,20.9,23.3,29.0,inferred
Cherwell,2020-11-19,16.4,17.3,19.9,22.8,28.6,inferred
Cherwell,2020-11-20,14.2,17.1,18.8,22.4,27.7,inferred
Dacorum,2020-08-01,1.2,1.2,1.2,1.2,1.2,inferred
Dacorum,2020-08-02,1.4,1.4,1.4,1.4,1.4,inferred
Dacorum,2020-08-03,1.5,1.5,1.5,1.5,1.5,inferred
Dacorum,2020-08-04,1.5,1.5,1.5,1.5,1.6,inferred
Dacorum,2020-08-05,1.4,1.5,1.5,1.6,1.6,inferred
Dacorum,2020-08-06,1.2,1.5,1.6,1.6,1.8,inferred
Dacorum,2020-08-07,1.2,1.5,1.6,1.8,1.9,inferred
Dacorum,2020-08-08,1.2,1.5,1.7,1.8,2.1,inferred
Dacorum,2020-08-09,1.2,1.5,1.7,1.8,2.2,inferred
Dacorum,2020-08-10,1.3,1.5,1.7,1.9,2.2,inferred
Dacorum,2020-08-11,1.4,1.6,1.8,1.8,2.4,inferred
Dacorum,2020-08-12,1.6,1.7,1.8,2.0,2.6,inferred
Dacorum,2020-08-13,1.4,1.9,1.9,2.3,2.7,inferred
Dacorum,2020-08-14,1.3,1.9,2.1,2.3,2.6,inferred
Dacorum,2020-08-15,1.2,2.1,2.3,2.5,2.7,inferred
Dacorum,2020-08-16,1.3,2.3,2.5,2.6,2.9,inferred
Dacorum,2020-08-17,1.6,2.6,2.8,3.1,3.2,inferred
Dacorum,2020-08-18,2.1,2.9,3.2,3.7,3.8,inferred
Dacorum,2020-08-19,2.5,3.2,3.5,4.3,4.6,inferred
Dacorum,2020-08-20,2.9,3.5,3.9,4.8,5.4,inferred
Dacorum,2020-08-21,3.1,3.8,4.2,5.0,5.9,inferred
Dacorum,2020-08-22,3.5,4.1,4.5,4.9,6.4,inferred
Dacorum,2020-08-23,3.7,4.2,4.4,4.8,6.6,inferred
Dacorum,2020-08-24,3.6,4.3,4.5,4.9,6.3,inferred
Dacorum,2020-08-25,3.4,4.3,4.6,4.9,5.7,inferred
Dacorum,2020-08-26,3.3,4.1,4.7,4.8,5.7,inferred
Dacorum,2020-08-27,3.2,3.5,4.5,5.0,5.9,inferred
Dacorum,2020-08-28,3.1,3.4,4.4,5.1,5.9,inferred
Dacorum,2020-08-29,3.2,3.3,4.5,5.1,5.6,inferred
Dacorum,2020-08-30,3.2,3.6,4.6,5.0,5.3,inferred
Dacorum,2020-08-31,3.1,3.9,4.2,4.8,5.1,inferred
Dacorum,2020-09-01,2.9,3.8,4.2,4.4,4.8,inferred
Dacorum,2020-09-02,2.8,3.8,3.9,4.2,4.3,inferred
Dacorum,2020-09-03,2.6,3.2,3.7,3.8,4.2,inferred
Dacorum,2020-09-04,2.3,2.8,3.3,3.6,4.0,inferred
Dacorum,2020-09-05,2.0,2.3,3.0,3.4,3.8,inferred
Dacorum,2020-09-06,1.9,2.1,2.6,3.1,3.5,inferred
Dacorum,2020-09-07,1.9,2.2,2.3,3.0,3.2,inferred
Dacorum,2020-09-08,2.0,2.1,2.4,2.8,3.3,inferred
Dacorum,2020-09-09,2.0,2.1,2.6,2.7,3.5,inferred
Dacorum,2020-09-10,2.0,2.3,2.6,2.8,3.6,inferred
Dacorum,2020-09-11,2.1,2.5,2.7,3.0,3.6,inferred
Dacorum,2020-09-12,2.2,2.2,2.9,3.1,3.5,inferred
Dacorum,2020-09-13,1.9,2.4,2.9,3.2,3.8,inferred
Dacorum,2020-09-14,1.8,2.5,2.8,3.1,4.4,inferred
Dacorum,2020-09-15,1.8,2.5,2.7,3.2,5.0,inferred
Dacorum,2020-09-16,2.1,2.6,2.9,3.5,5.6,inferred
Dacorum,2020-09-17,2.6,2.9,3.0,3.6,6.0,inferred
Dacorum,2020-09-18,2.8,3.1,3.3,3.6,6.4,inferred
Dacorum,2020-09-19,3.0,3.3,3.5,3.8,6.6,inferred
Dacorum,2020-09-20,3.1,3.3,3.9,4.2,6.5,inferred
Dacorum,2020-09-21,3.3,3.8,4.2,4.8,6.2,inferred
Dacorum,2020-09-22,3.5,4.3,4.6,5.4,5.7,inferred
Dacorum,2020-09-23,4.0,4.8,5.2,5.5,6.2,inferred
Dacorum,2020-09-24,4.8,5.5,5.6,6.4,6.7,inferred
Dacorum,2020-09-25,5.7,5.8,6.0,7.2,7.5,inferred
Dacorum,2020-09-26,5.9,6.2,6.7,7.9,8.4,inferred
Dacorum,2020-09-27,6.2,6.7,7.5,8.8,8.9,inferred
Dacorum,2020-09-28,6.9,7.4,8.1,9.5,9.9,inferred
Dacorum,2020-09-29,7.7,8.2,8.7,10.1,10.8,inferred
Dacorum,2020-09-30,8.0,8.6,9.6,10.6,11.4,inferred
Dacorum,2020-10-01,7.8,9.2,10.5,11.0,11.8,inferred
Dacorum,2020-10-02,7.8,9.4,11.1,11.9,12.5,inferred
Dacorum,2020-10-03,8.2,9.9,11.7,12.4,13.3,inferred
Dacorum,2020-10-04,9.1,11.0,12.5,13.1,14.0,inferred
Dacorum,2020-10-05,10.0,11.9,13.2,14.4,14.9,inferred
Dacorum,2020-10-06,10.5,12.8,14.2,14.6,16.2,inferred
Dacorum,2020-10-07,11.2,13.5,14.7,15.4,16.8,inferred
Dacorum,2020-10-08,11.9,13.6,14.9,15.7,17.1,inferred
Dacorum,2020-10-09,13.0,13.9,14.9,15.6,17.7,inferred
Dacorum,2020-10-10,13.6,14.5,15.1,16.1,18.3,inferred
Dacorum,2020-10-11,14.2,15.3,15.7,16.8,18.5,inferred
Dacorum,2020-10-12,14.3,15.7,16.0,17.5,18.3,inferred
Dacorum,2020-10-13,14.8,16.1,16.3,18.0,18.8,inferred
Dacorum,2020-10-14,15.4,16.5,16.9,18.2,19.4,inferred
Dacorum,2020-10-15,15.9,17.2,17.8,18.6,20.0,inferred
Dacorum,2020-10-16,16.5,18.0,18.5,19.2,20.3,inferred
Dacorum,2020-10-17,17.6,18.2,18.8,20.3,20.6,inferred
Dacorum,2020-10-18,18.9,19.1,19.8,20.6,22.3,inferred
Dacorum,2020-10-19,19.4,20.5,21.0,21.6,23.2,inferred
Dacorum,2020-10-20,19.7,21.1,21.4,22.0,23.1,inferred
Dacorum,2020-10-21,19.7,20.3,21.2,22.0,23.1,inferred
Dacorum,2020-10-22,19.4,19.7,20.4,22.3,23.6,inferred
Dacorum,2020-10-23,18.6,19.1,19.9,21.5,23.7,inferred
Dacorum,2020-10-24,17.7,18.5,20.1,21.2,23.1,inferred
Dacorum,2020-10-25,17.2,18.9,19.9,21.4,22.4,inferred
Dacorum,2020-10-26,17.5,19.1,19.5,21.5,21.9,inferred
Dacorum,2020-10-27,17.9,18.6,19.0,21.1,22.1,inferred
Dacorum,2020-10-28,16.9,18.5,19.0,20.3,21.8,inferred
Dacorum,2020-10-29,16.5,18.4,19.0,21.2,21.8,inferred
Dacorum,2020-10-30,17.1,18.0,19.6,20.8,23.0,inferred
Dacorum,2020-10-31,17.9,18.8,20.3,21.6,24.5,inferred
Dacorum,2020-11-01,19.0,19.9,20.9,22.0,25.6,inferred
Dacorum,2020-11-02,20.8,21.2,22.4,23.3,26.2,inferred
Dacorum,2020-11-03,20.5,23.0,23.5,25.1,28.4,inferred
Dacorum,2020-11-04,20.4,24.5,24.9,25.7,29.9,inferred
Dacorum,2020-11-05,20.3,25.2,26.0,27.5,30.6,inferred
Dacorum,2020-11-06,20.5,25.9,26.5,28.5,30.3,inferred
Dacorum,2020-11-07,21.5,26.0,27.0,28.3,30.6,inferred
Dacorum,2020-11-08,23.2,26.3,27.4,28.4,31.2,inferred
Dacorum,2020-11-09,23.4,27.0,27.8,28.4,32.3,inferred
Dacorum,2020-11-10,23.9,26.6,28.1,29.9,32.9,inferred
Dacorum,2020-11-11,24.9,26.5,28.6,30.9,32.1,inferred
Dacorum,2020-11-12,24.6,26.0,28.6,31.0,31.6,inferred
Dacorum,2020-11-13,24.2,26.9,28.1,31.4,31.8,inferred
Dacorum,2020-11-14,23.1,25.9,28.3,31.0,31.8,inferred
Dacorum,2020-11-15,23.1,25.8,29.1,30.9,31.4,inferred
Dacorum,2020-11-16,24.0,27.4,29.4,30.2,31.4,inferred
Dacorum,2020-11-17,25.5,28.6,29.2,30.1,32.1,inferred
Dacorum,2020-11-18,26.9,27.4,30.2,30.5,32.6,inferred
Dacorum,2020-11-19,24.8,28.2,29.9,32.0,32.6,inferred
Dacorum,2020-11-20,22.5,27.8,29.9,32.0,33.5,inferred
Milton Keynes,2020-08-01,1.7,1.7,1.7,1.7,1.7,inferred
Milton Keynes,2020-08-02,2.1,2.1,2.1,2.1,2.1,inferred
Milton Keynes,2020-08-03,2.6,2.6,2.6,2.6,2.6,inferred
Milton Keynes,2020-08-04,3.1,3.1,3.1,3.1,3.2,inferred
Milton Keynes,2020-08-05,3.3,3.4,3.5,3.6,3.7,inferred
Milton Keynes,2020-08-06,3.3,3.4,3.7,3.8,4.2,inferred
Milton Keynes,2020-08-07,3.2,3.4,3.7,3.9,4.4,inferred
Milton Keynes,2020-08-08,3.1,3.2,3.5,3.9,4.5,inferred
Milton Keynes,2020-08-09,2.9,3.2,3.3,4.0,4.5,inferred
Milton Keynes,2020-08-10,2.8,3.2,3.2,3.9,4.5,inferred
Milton Keynes,2020-08-11,2.8,3.0,3.4,3.6,4.4,inferred
Milton Keynes,2020-08-12,2.8,3.0,3.3,3.8,4.3,inferred
Milton Keynes,2020-08-13,2.8,3.0,3.2,3.5,4.3,inferred
Milton Keynes,2020-08-14,2.6,3.1,3.2,3.5,4.4,inferred
Milton Keynes,2020-08-15,2.5,2.9,3.4,3.6,4.3,inferred
Milton Keynes,2020-08-16,2.6,2.9,3.5,4.0,4.1,inferred
Milton Keynes,2020-08-17,2.7,3.3,3.6,3.9,4.1,inferred
Milton Keynes,2020-08-18,2.9,3.4,3.7,4.0,4.2,inferred
Milton Keynes,2020-08-19,3.0,3.4,3.8,4.0,4.5,inferred
Milton Keynes,2020-08-20,2.8,3.5,3.8,4.0,4.6,inferred
Milton Keynes,2020-08-21,2.7,3.4,3.6,4.2,4.7,inferred
Milton Keynes,2020-08-22,2.7,3.3,3.6,4.3,5.1,inferred
Milton Keynes,2020-08-23,2.5,3.5,3.7,4.3,5.0,inferred
Milton Keynes,2020-08-24,2.4,3.4,3.9,4.4,4.9,inferred
Milton Keynes,2020-08-25,2.4,3.1,3.9,4.3,4.8,inferred
Milton Keynes,2020-08-26,2.7,3.0,3.8,4.4,5.2,inferred
Milton Keynes,2020-08-27,2.9,3.1,3.8,4.3,5.6,inferred
Milton Keynes,2020-08-28,3.0,3.2,3.9,4.1,5.9,inferred
Milton Keynes,2020-08-29,3.2,3.4,4.1,4.3,6.0,inferred
Milton Keynes,2020-08-30,3.4,3.5,4.3,5.0,6.3,inferred
Milton Keynes,2020-08-31,3.6,3.9,4.8,5.9,6.6,inferred
Milton Keynes,2020-09-01,3.8,4.5,5.3,6.3,6.7,inferred
Milton Keynes,2020-09-02,3.9,5.0,5.7,6.2,7.0,inferred
Milton Keynes,2020-09-03,4.1,5.2,5.5,6.6,7.0,inferred
Milton Keynes,2020-09-04,4.3,5.2,5.4,6.3,7.0,inferred
Milton Keynes,2020-09-05,4.7,5.2,5.5,6.1,7.2,inferred
Milton Keynes,2020-09-06,5.2,5.2,5.6,6.1,7.0,inferred
Milton Keynes,2020-09-07,5.2,5.6,5.7,6.0,6.7,inferred
Milton Keynes,2020-09-08,5.2,5.3,5.9,6.4,6.5,inferred
Milton Keynes,2020-09-09,4.8,5.5,5.9,6.3,6.8,inferred
Milton Keynes,2020-09-10,4.7,5.6,6.0,6.3,6.6,inferred
Milton Keynes,2020-09-11,4.8,5.3,6.1,6.3,6.6,inferred
Milton Keynes,2020-09-12,5.1,5.3,5.9,6.4,6.8,inferred
Milton Keynes,2020-09-13,5.5,5.7,5.8,6.6,7.2,inferred
Milton Keynes,2020-09-14,5.6,6.0,6.2,6.8,7.8,inferred
Milton Keynes,2020-09-15,5.6,6.2,6.7,7.0,8.4,inferred
Milton Keynes,2020-09-16,5.8,6.4,6.7,7.3,9.0,inferred
Milton Keynes,2020-09-17,5.8,6.3,7.0,7.8,9.4,inferred
Milton Keynes,2020-09-18,5.7,6.5,7.6,8.4,9.3,inferred
Milton Keynes,2020-09-19,6.3,7.1,8.3,8.6,9.4,inferred
Milton Keynes,2020-09-20,7.2,7.8,8.6,8.9,10.5,inferred
Milton Keynes,2020-09-21,7.7,8.2,8.5,9.2,11.3,inferred
Milton Keynes,2020-09-22,7.6,8.5,8.7,8.9,11.6,inferred
Milton Keynes,2020-09-23,7.1,8.2,8.8,9.1,11.6,inferred
Milton Keynes,2020-09-24,7.1,8.5,9.1,9.7,11.5,inferred
Milton Keynes,2020-09-25,7.8,8.4,9.6,10.1,11.6,inferred
Milton Keynes,2020-09-26,8.7,9.1,10.4,10.8,12.2,inferred
Milton Keynes,2020-09-27,9.5,10.4,11.1,11.8,13.0,inferred
Milton Keynes,2020-09-28,10.6,11.3,11.7,12.4,13.8,inferred
Milton Keynes,2020-09-29,10.5,11.9,12.4,13.3,14.5,inferred
Milton Keynes,2020-09-30,10.3,12.4,13.2,14.2,15.8,inferred
Milton Keynes,2020-10-01,10.8,13.1,14.2,14.7,17.1,inferred
Milton Keynes,2020-10-02,11.8,13.9,14.7,16.2,18.6,inferred
Milton Keynes,2020-10-03,13.1,14.4,15.7,17.1,20.1,inferred
Milton Keynes,2020-10-04,14.6,15.6,16.9,18.3,21.5,inferred
Milton Keynes,2020-10-05,16.1,16.6,18.0,18.7,22.4,inferred
Milton Keynes,2020-10-06,17.0,17.7,18.9,19.1,22.8,inferred
Milton Keynes,2020-10-07,17.4,18.9,19.4,20.1,22.7,inferred
Milton Keynes,2020-10-08,17.4,19.3,19.9,21.2,22.2,inferred
Milton Keynes,2020-10-09,17.1,19.6,20.5,21.2,23.0,inferred
Milton Keynes,2020-10-10,16.6,20.2,20.7,21.8,24.1,inferred
Milton Keynes,2020-10-11,16.9,20.6,21.2,22.8,25.2,inferred
Milton Keynes,2020-10-12,18.5,21.2,22.2,24.9,25.6,inferred
Milton Keynes,2020-10-13,20.8,21.5,23.8,25.7,26.5,inferred
Milton Keynes,2020-10-14,21.0,22.8,25.0,26.8,27.6,inferred
Milton Keynes,2020-10-15,21.7,24.3,25.8,27.6,30.3,inferred
Milton Keynes,2020-10-16,23.0,25.1,26.2,28.4,33.5,inferred
Milton Keynes,2020-10-17,24.5,26.1,27.1,29.8,35.5,inferred
Milton Keynes,2020-10-18,26.0,27.6,29.0,31.5,36.5,inferred
Milton Keynes,2020-10-19,27.4,30.1,31.2,32.7,38.8,inferred
Milton Keynes,2020-10-20,28.7,31.4,33.4,34.4,40.4,inferred
Milton Keynes,2020-10-21,30.1,33.3,34.9,36.6,41.1,inferred
Milton Keynes,2020-10-22,31.7,34.1,35.4,38.1,41.6,inferred
Milton Keynes,2020-10-23,32.0,34.4,36.2,40.4,42.2,inferred
Milton Keynes,2020-10-24,32.6,36.4,37.7,41.5,43.4,inferred
Milton Keynes,2020-10-25,33.8,38.4,39.9,42.1,43.8,inferred
Milton Keynes,2020-10-26,34.5,39.0,41.9,42.5,44.1,inferred
Milton Keynes,2020-10-27,35.5,39.4,42.8,43.6,46.1,inferred
Milton Keynes,2020-10-28,37.1,39.8,43.0,45.3,47.0,inferred
Milton Keynes,2020-10-29,39.5,40.4,42.9,46.2,48.3,inferred
Milton Keynes,2020-10-30,39.7,41.7,43.9,46.9,51.3,inferred
Milton Keynes,2020-10-31,40.2,43.0,45.8,47.9,53.9,inferred
Milton Keynes,2020-11-01,41.9,44.6,46.8,49.6,56.0,inferred
Milton Keynes,2020-11-02,44.9,45.6,46.7,51.0,58.1,inferred
Milton Keynes,2020-11-03,45.3,46.5,47.6,52.2,60.0,inferred
Milton Keynes,2020-11-04,43.9,47.7,49.4,53.4,61.0,inferred
Milton Keynes,2020-11-05,44.4,50.8,51.6,55.3,60.8,inferred
Milton Keynes,2020-11-06,47.2,53.2,55.2,56.8,60.0,inferred
Milton Keynes,2020-11-07,51.4,54.7,58.0,59.4,62.0,inferred
Milton Keynes,2020-11-08,55.2,56.9,59.8,61.8,65.9,inferred
Milton Keynes,2020-11-09,57.8,59.4,62.0,64.8,69.4,inferred
Milton Keynes,2020-11-10,60.1,62.0,64.7,69.1,72.6,inferred
Milton Keynes,2020-11-11,60.3,64.0,67.5,72.4,75.6,inferred
Milton Keynes,2020-11-12,60.0,68.1,70.2,74.2,78.0,inferred
Milton Keynes,2020-11-13,61.1,69.9,73.1,75.4,79.4,inferred
Milton Keynes,2020-11-14,64.1,70.0,75.7,77.7,79.6,inferred
Milton Keynes,2020-11-15,67.2,68.5,76.5,79.2,80.3,inferred
Milton Keynes,2020-11-16,65.3,68.6,76.3,79.6,81.8,inferred
Milton Keynes,2020-11-17,61.0,68.3,76.2,80.6,83.9,inferred
Milton Keynes,2020-11-18,56.5,68.3,76.9,81.8,87.0,inferred
Milton Keynes,2020-11-19,52.5,69.4,78.9,84.7,89.7,inferred
Milton Keynes,2020-11-20,49.2,72.0,80.5,88.7,93.1,inferred
Oxford,2020-08-01,1.8,1.8,1.8,1.8,1.8,inferred
Oxford,2020-08-02,1.7,1.7,1.7,1.7,1.7,inferred
Oxford,2020-08-03,1.9,1.9,1.9,1.9,1.9,inferred
Oxford,2020-08-04,2.2,2.2,2.3,2.3,2.3,inferred
Oxford,2020-08-05,2.5,2.6,2.7,2.9,3.0,inferred
Oxford,2020-08-06,2.8,2.9,3.1,3.6,3.7,inferred
Oxford,2020-08-07,3.0,3.3,3.7,4.1,4.5,inferred
Oxford,2020-08-08,3.1,3.5,4.2,4.5,5.0,inferred
Oxford,2020-08-09,3.1,3.7,4.6,5.0,5.2,inferred
Oxford,2020-08-10,3.1,3.8,4.6,4.9,6.1,inferred
Oxford,2020-08-11,3.1,4.0,4.4,5.2,6.6,inferred
Oxford,2020-08-12,3.1,3.9,4.2,5.1,6.7,inferred
Oxford,2020-08-13,3.2,3.8,4.3,5.5,6.3,inferred
Oxford,2020-08-14,3.5,4.2,4.4,5.6,5.9,inferred
Oxford,2020-08-15,3.5,4.2,4.9,5.2,6.8,inferred
Oxford,2020-08-16,3.9,4.2,4.8,5.5,7.7,inferred
Oxford,2020-08-17,4.0,4.6,4.6,5.6,8.3,inferred
Oxford,2020-08-18,4.0,4.6,5.3,5.8,8.7,inferred
Oxford,2020-08-19,4.2,5.0,5.4,6.1,8.8,inferred
Oxford,2020-08-20,4.0,4.8,5.6,6.3,8.8,inferred
Oxford,2020-08-21,4.1,4.6,5.3,6.1,8.7,inferred
Oxford,2020-08-22,3.6,4.2,4.8,5.5,8.2,inferred
Oxford,2020-08-23,3.0,4.0,4.5,4.9,7.3,inferred
Oxford,2020-08-24,2.6,3.4,4.1,4.3,6.0,inferred
Oxford,2020-08-25,2.2,2.8,3.7,3.9,4.7,inferred
Oxford,2020-08-26,2.0,2.4,3.5,3.6,3.9,inferred
Oxford,2020-08-27,1.8,2.2,3.3,3.6,3.7,inferred
Oxford,2020-08-28,1.8,2.3,3.1,3.5,3.9,inferred
Oxford,2020-08-29,1.8,2.4,2.9,3.5,4.2,inferred
Oxford,2020-08-30,1.7,2.2,2.9,3.7,4.4,inferred
Oxford,2020-08-31,1.7,2.6,2.8,3.9,4.2,inferred
Oxford,2020-09-01,1.9,2.8,3.0,4.0,4.0,inferred
Oxford,2020-09-02,2.4,2.9,3.3,3.9,4.2,inferred
Oxford,2020-09-03,2.8,3.2,3.5,3.8,4.2,inferred
Oxford,2020-09-04,3.1,3.5,4.0,4.1,4.6,inferred
Oxford,2020-09-05,3.0,3.4,4.3,4.7,5.0,inferred
Oxford,2020-09-06,3.0,3.5,4.5,5.1,5.4,inferred
Oxford,2020-09-07,3.1,3.7,4.6,5.1,5.8,inferred
Oxford,2020-09-08,3.4,4.1,4.7,5.1,6.1,inferred
Oxford,2020-09-09,3.6,3.9,4.7,5.2,6.6,inferred
Oxford,2020-09-10,3.8,3.9,4.8,5.6,6.7,inferred
Oxford,2020-09-11,3.8,4.6,5.1,5.6,6.3,inferred
Oxford,2020-09-12,4.2,4.7,5.3,5.7,6.6,inferred
Oxford,2020-09-13,4.4,5.1,5.3,5.8,6.9,inferred
Oxford,2020-09-14,4.4,5.4,5.7,6.2,6.9,inferred
Oxford,2020-09-15,4.2,5.7,6.0,6.6,7.2,inferred
Oxford,2020-09-16,4.6,6.4,6.7,7.2,8.2,inferred
Oxford,2020-09-17,5.5,6.9,7.6,8.7,9.9,inferred
Oxford,2020-09-18,6.5,7.8,9.2,10.2,11.9,inferred
Oxford,2020-09-19,7.2,9.1,10.3,11.0,13.4,inferred
Oxford,2020-09-20,8.0,10.0,11.2,12.6,13.9,inferred
Oxford,2020-09-21,9.0,11.1,11.9,13.6,14.1,inferred
Oxford,2020-09-22,10.8,12.6,13.1,14.5,16.1,inferred
Oxford,2020-09-23,13.5,14.4,15.0,15.5,18.6,inferred
Oxford,2020-09-24,15.7,16.3,16.8,17.6,20.4,inferred
Oxford,2020-09-25,17.3,18.0,19.1,19.8,21.6,inferred
Oxford,2020-09-26,19.3,19.7,20.9,21.9,23.5,inferred
Oxford,2020-09-27,20.3,21.2,23.6,23.9,27.2,inferred
Oxford,2020-09-28,21.4,22.9,25.7,26.9,30.2,inferred
Oxford,2020-09-29,22.9,24.0,27.1,28.7,31.9,inferred
Oxford,2020-09-30,23.9,25.7,28.6,30.9,32.3,inferred
Oxford,2020-10-01,23.6,27.8,30.6,31.9,34.2,inferred
Oxford,2020-10-02,23.2,28.6,31.4,32.6,35.5,inferred
Oxford,2020-10-03,23.6,29.0,32.1,33.7,35.4,inferred
Oxford,2020-10-04,25.4,30.7,33.0,34.5,35.9,inferred
Oxford,2020-10-05,27.8,32.4,33.6,35.2,38.6,inferred
Oxford,2020-10-06,27.7,32.6,34.1,35.8,42.9,inferred
Oxford,2020-10-07,27.4,30.9,34.6,36.0,46.2,inferred
Oxford,2020-10-08,24.3,29.3,33.6,37.7,46.4,inferred
Oxford,2020-10-09,22.3,28.7,31.5,38.3,43.8,inferred
Oxford,2020-10-10,23.1,28.4,29.6,37.1,41.1,inferred
Oxford,2020-10-11,25.2,27.8,28.9,35.3,39.5,inferred
Oxford,2020-10-12,25.9,27.0,28.4,34.3,37.6,inferred
Oxford,2020-10-13,25.2,26.8,28.1,34.3,34.8,inferred
Oxford,2020-10-14,25.6,26.5,28.2,32.7,34.9,inferred
Oxford,2020-10-15,26.3,26.8,27.2,31.5,36.3,inferred
Oxford,2020-10-16,25.1,26.9,27.7,31.4,37.8,inferred
Oxford,2020-10-17,24.2,26.9,29.1,31.3,37.9,inferred
Oxford,2020-10-18,24.6,27.3,30.3,31.3,36.3,inferred
Oxford,2020-10-19,25.4,28.8,31.1,32.8,33.5,inferred
Oxford,2020-10-20,25.5,29.3,31.4,32.8,34.9,inferred
Oxford,2020-10-21,25.3,28.9,30.8,34.7,36.8,inferred
Oxford,2020-10-22,23.7,28.5,29.9,33.9,37.3,inferred
Oxford,2020-10-23,22.6,27.3,30.0,33.1,37.3,inferred
Oxford,2020-10-24,22.9,26.5,29.6,32.9,35.3,inferred
Oxford,2020-10-25,24.3,27.0,29.8,32.5,34.9,inferred
Oxford,2020-10-26,26.3,26.9,28.6,35.5,36.2,inferred
Oxford,2020-10-27,25.9,27.6,28.8,36.1,41.3,inferred
Oxford,2020-10-28,24.9,29.4,30.3,35.7,47.2,inferred
Oxford,2020-10-29,25.0,30.6,32.7,35.0,50.5,inferred
Oxford,2020-10-30,26.6,31.8,34.6,35.5,49.4,inferred
Oxford,2020-10-31,29.0,33.0,35.4,36.9,44.9,inferred
Oxford,2020-11-01,30.0,33.6,36.1,38.5,40.1,inferred
Oxford,2020-11-02,31.6,34.1,35.8,37.3,42.0,inferred
Oxford,2020-11-03,33.2,34.6,36.9,37.5,44.6,inferred
Oxford,2020-11-04,32.7,37.2,38.4,41.5,47.0,inferred
Oxford,2020-11-05,34.9,39.4,40.8,41.8,48.5,inferred
Oxford,2020-11-06,39.2,40.9,43.2,44.7,49.4,inferred
Oxford,2020-11-07,39.0,43.5,44.7,47.7,50.5,inferred
Oxford,2020-11-08,37.6,43.8,47.2,49.4,51.9,inferred
Oxford,2020-11-09,37.6,42.9,48.9,50.9,53.9,inferred
Oxford,2020-11-10,38.4,41.3,48.3,52.5,55.0,inferred
Oxford,2020-11-11,38.5,40.8,46.6,52.6,53.3,inferred
Oxford,2020-11-12,38.0,39.5,43.9,48.6,51.9,inferred
Oxford,2020-11-13,35.4,38.2,41.8,46.3,49.1,inferred
Oxford,2020-11-14,31.9,36.7,39.1,43.0,44.9,inferred
Oxford,2020-11-15,29.8,34.1,38.4,40.5,42.4,inferred
Oxford,2020-11-16,29.0,33.1,36.7,40.5,41.0,inferred
Oxford,2020-11-17,28.3,32.4,35.9,38.4,41.7,inferred
Oxford,2020-11-18,26.5,32.5,34.7,36.6,42.5,inferred
Oxford,2020-11-19,24.6,32.7,33.4,36.4,42.9,inferred
Oxford,2020-11-20,22.6,30.3,33.7,36.5,43.1,inferred
Reading,2020-08-01,0.9,0.9,0.9,0.9,0.9,inferred
Reading,2020-08-02,1.0,1.0,1.0,1.0,1.0,inferred
Reading,2020-08-03,1.1,1.1,1.1,1.1,1.1,inferred
Reading,2020-08-04,1.1,1.1,1.2,1.2,1.2,inferred
Reading,2020-08-05,1.1,1.1,1.2,1.2,1.3,inferred
Reading,2020-08-06,1.0,1.0,1.2,1.4,1.4,inferred
Reading,2020-08-07,0.9,1.0,1.2,1.5,1.6,inferred
Reading,2020-08-08,0.9,1.1,1.2,1.6,1.8,inferred
Reading,2020-08-09,1.0,1.2,1.3,1.6,1.9,inferred
Reading,2020-08-10,1.1,1.2,1.3,1.6,1.9,inferred
Reading,2020-08-11,1.1,1.3,1.4,1.7,2.0,inferred
Reading,2020-08-12,1.1,1.4,1.6,1.6,2.1,inferred
Reading,2020-08-13,1.1,1.5,1.7,1.8,2.2,inferred
Reading,2020-08-14,1.1,1.7,1.8,2.0,2.5,inferred
Reading,2020-08-15,1.2,1.8,1.9,2.4,2.9,inferred
Reading,2020-08-16,1.4,1.8,2.0,2.7,3.5,inferred
Reading,2020-08-17,1.6,1.8,2.2,2.7,4.0,inferred
Reading,2020-08-18,1.8,1.9,2.4,2.8,4.3,inferred
Reading,2020-08-19,2.0,2.2,2.4,2.9,4.3,inferred
Reading,2020-08-20,2.1,2.3,2.5,3.0,4.2,inferred
Reading,2020-08-21,2.1,2.4,2.6,3.0,4.1,inferred
Reading,2020-08-22,2.3,2.5,2.8,3.0,4.1,inferred
Reading,2020-08-23,2.4,2.6,2.9,3.1,4.2,inferred
Reading,2020-08-24,2.3,2.9,2.9,3.3,4.2,inferred
Reading,2020-08-25,2.3,2.8,3.2,3.5,4.0,inferred
Reading,2020-08-26,2.1,2.7,3.3,3.5,3.7,inferred
Reading,2020-08-27,2.0,2.7,3.2,3.5,3.6,inferred
Reading,2020-08-28,1.9,2.7,3.0,3.5,3.6,inferred
Reading,2020-08-29,1.9,2.6,2.9,3.6,3.8,inferred
Reading,2020-08-30,1.9,2.4,3.0,3.6,4.0,inferred
Reading,2020-08-31,2.0,2.5,3.1,3.5,4.3,inferred
Reading,2020-09-01,2.4,2.6,3.3,3.8,4.3,inferred
Reading,2020-09-02,2.3,3.0,3.6,4.2,4.4,inferred
Reading,2020-09-03,2.5,3.1,3.7,4.4,4.5,inferred
Reading,2020-09-04,2.9,3.4,3.8,4.4,5.4,inferred
Reading,2020-09-05,3.0,3.5,3.8,4.3,5.9,inferred
Reading,2020-09-06,3.0,3.6,3.9,4.4,5.8,inferred
Reading,2020-09-07,2.8,3.6,3.9,4.6,5.4,inferred
Reading,2020-09-08,2.6,3.4,3.6,4.5,4.9,inferred
Reading,2020-09-09,2.5,3.0,3.2,4.3,4.7,inferred
Reading,2020-09-10,2.3,2.7,3.0,4.0,4.5,inferred
Reading,2020-09-11,2.1,2.4,2.9,3.8,4.3,inferred
Reading,2020-09-12,1.9,2.2,2.9,3.4,4.3,inferred
Reading,2020-09-13,1.7,2.3,2.8,3.1,4.5,inferred
Reading,2020-09-14,1.6,2.3,2.8,3.1,4.5,inferred
Reading,2020-09-15,1.6,2.6,2.8,3.2,4.3,inferred
Reading,2020-09-16,2.0,2.5,3.0,3.5,4.3,inferred
Reading,2020-09-17,2.4,2.8,3.4,3.9,4.4,inferred
Reading,2020-09-18,2.5,3.4,3.7,4.3,5.0,inferred
Reading,2020-09-19,2.8,3.9,4.3,4.8,6.0,inferred
Reading,2020-09-20,3.3,4.0,4.6,5.4,6.5,inferred
Reading,2020-09-21,4.1,4.5,5.1,6.1,6.7,inferred
Reading,2020-09-22,4.4,5.4,5.8,6.7,6.8,inferred
Reading,2020-09-23,4.7,6.0,6.4,7.0,7.6,inferred
Reading,2020-09-24,5.0,6.3,6.6,7.2,8.3,inferred
Reading,2020-09-25,5.3,6.2,7.0,7.4,8.7,inferred
Reading,2020-09-26,5.4,6.4,7.0,7.8,8.5,inferred
Reading,2020-09-27,5.6,6.5,7.0,8.0,8.3,inferred
Reading,2020-09-28,6.0,7.3,7.5,8.1,8.6,inferred
Reading,2020-09-29,6.5,7.4,8.3,8.6,8.9,inferred
Reading,2020-09-30,7.3,7.6,9.0,9.3,10.1,inferred
Reading,2020-10-01,7.1,8.3,9.5,9.8,11.3,inferred
Reading,2020-10-02,6.8,9.5,9.9,10.8,12.8,inferred
Reading,2020-10-03,7.0,10.3,11.1,11.8,13.9,inferred
Reading,2020-10-04,7.9,11.4,12.2,13.2,14.7,inferred
Reading,2020-10-05,9.1,12.0,13.2,15.3,15.9,inferred
Reading,2020-10-06,10.4,13.6,14.5,16.2,18.4,inferred
Reading,2020-10-07,11.5,14.3,16.2,17.2,19.8,inferred
Reading,2020-10-08,12.6,15.1,17.4,18.2,19.9,inferred
Reading,2020-10-09,13.9,16.0,18.0,19.1,20.3,inferred
Reading,2020-10-10,15.5,16.8,18.6,19.6,21.0,inferred
Reading,2020-10-11,17.6,18.0,20.0,20.4,21.3,inferred
Reading,2020-10-12,17.5,19.8,20.9,21.8,22.0,inferred
Reading,2020-10-13,17.6,21.2,21.9,22.7,23.9,inferred
Reading,2020-10-14,18.4,22.1,22.9,23.9,24.6,inferred
Reading,2020-10-15,19.9,22.3,24.0,24.9,25.3,inferred
Reading,2020-10-16,21.0,22.5,25.0,25.6,26.3,inferred
Reading,2020-10-17,21.4,22.7,26.0,27.2,27.6,inferred
Reading,2020-10-18,21.6,22.5,27.2,27.9,30.0,inferred
Reading,2020-10-19,22.0,23.6,28.2,29.8,32.4,inferred
Reading,2020-10-20,22.7,24.9,28.7,31.9,35.1,inferred
Reading,2020-10-21,23.8,24.5,28.6,31.8,37.0,inferred
Reading,2020-10-22,23.8,25.4,28.8,30.1,38.4,inferred
Reading,2020-10-23,24.1,27.0,28.8,29.8,39.7,inferred
Reading,2020-10-24,25.2,27.9,29.3,30.4,40.1,inferred
Reading,2020-10-25,26.9,27.7,30.6,31.3,38.9,inferred
Reading,2020-10-26,26.9,28.4,31.5,32.3,37.6,inferred
Reading,2020-10-27,26.1,29.7,32.6,33.2,37.2,inferred
Reading,2020-10-28,26.3,29.7,33.1,33.9,36.9,inferred
Reading,2020-10-29,27.4,29.3,33.0,34.5,35.5,inferred
Reading,2020-10-30,28.3,29.7,32.8,34.4,36.1,inferred
Reading,2020-10-31,28.9,31.0,32.2,34.7,37.4,inferred
Reading,2020-11-01,29.5,31.6,32.8,36.4,39.0,inferred
Reading,2020-11-02,30.1,32.1,33.7,36.2,40.9,inferred
Reading,2020-11-03,30.2,32.1,35.0,35.8,42.4,inferred
Reading,2020-11-04,29.7,31.9,34.2,37.9,42.8,inferred
Reading,2020-11-05,29.5,32.3,34.1,37.8,42.3,inferred
Reading,2020-11-06,29.6,31.5,34.1,37.3,41.5,inferred
Reading,2020-11-07,29.5,32.4,33.7,36.3,40.8,inferred
Reading,2020-11-08,29.4,32.0,34.3,36.6,40.7,inferred
Reading,2020-11-09,29.4,32.8,34.9,37.7,41.5,inferred
Reading,2020-11-10,29.9,32.7,35.2,39.2,42.5,inferred
Reading,2020-11-11,31.0,32.7,35.5,39.9,42.4,inferred
Reading,2020-11-12,31.2,33.5,35.1,40.3,41.5,inferred
Reading,2020-11-13,30.0,33.0,35.5,40.5,41.5,inferred
Reading,2020-11-14,29.7,32.8,35.9,40.0,42.1,inferred
Reading,2020-11-15,31.0,31.8,35.7,38.3,41.5,inferred
Reading,2020-11-16,29.8,33.1,35.5,39.0,42.4,inferred
Reading,2020-11-17,28.6,32.5,34.7,41.0,43.7,inferred
Reading,2020-11-18,28.6,32.2,34.7,43.0,44.6,inferred
Reading,2020-11-19,27.1,30.8,34.6,44.4,45.6,inferred
Reading,2020-11-20,26.2,29.5,35.0,45.6,46.6,inferred
South Northamptonshire,2020-08-01,0.4,0.4,0.4,0.4,0.4,inferred
South Northamptonshire,2020-08-02,0.4,0.4,0.4,0.4,0.4,inferred
South Northamptonshire,2020-08-03,0.4,0.4,0.4,0.4,0.4,inferred
South Northamptonshire,2020-08-04,0.4,0.4,0.4,0.4,0.4,inferred
South Northamptonshire,2020-08-05,0.3,0.4,0.4,0.4,0.5,inferred
South Northamptonshire,2020-08-06,0.3,0.3,0.4,0.4,0.5,inferred
South Northamptonshire,2020-08-07,0.3,0.3,0.4,0.5,0.6,inferred
South Northamptonshire,2020-08-08,0.3,0.4,0.4,0.4,0.7,inferred
South Northamptonshire,2020-08-09,0.3,0.4,0.4,0.5,0.7,inferred
South Northamptonshire,2020-08-10,0.3,0.4,0.5,0.5,0.7,inferred
South Northamptonshire,2020-08-11,0.4,0.4,0.5,0.5,0.7,inferred
South Northamptonshire,2020-08-12,0.4,0.4,0.5,0.6,0.8,inferred
South Northamptonshire,2020-08-13,0.4,0.4,0.5,0.7,0.9,inferred
South Northamptonshire,2020-08-14,0.4,0.4,0.5,0.7,1.0,inferred
South Northamptonshire,2020-08-15,0.4,0.4,0.5,0.8,1.1,inferred
South Northamptonshire,2020-08-16,0.4,0.5,0.6,0.9,1.1,inferred
South Northamptonshire,2020-08-17,0.4,0.5,0.6,1.0,1.1,inferred
South Northamptonshire,2020-08-18,0.4,0.5,0.7,1.0,1.2,inferred
South Northamptonshire,2020-08-19,0.4,0.6,0.7,0.9,1.3,inferred
South Northamptonshire,2020-08-20,0.5,0.7,0.8,0.9,1.5,inferred
South Northamptonshire,2020-08-21,0.6,0.8,0.9,1.0,1.6,inferred
South Northamptonshire,2020-08-22,0.7,0.8,1.0,1.1,1.5,inferred
South Northamptonshire,2020-08-23,0.7,0.9,1.0,1.1,1.5,inferred
South Northamptonshire,2020-08-24,0.7,1.0,1.1,1.1,1.6,inferred
South Northamptonshire,2020-08-25,0.8,1.0,1.1,1.2,1.6,inferred
South Northamptonshire,2020-08-26,0.8,1.0,1.2,1.3,1.7,inferred
South Northamptonshire,2020-08-27,0.9,1.0,1.2,1.3,1.6,inferred
South Northamptonshire,2020-08-28,1.0,1.1,1.2,1.4,1.7,inferred
South Northamptonshire,2020-08-29,1.1,1.1,1.2,1.4,1.9,inferred
South Northamptonshire,2020-08-30,0.9,1.2,1.3,1.4,2.0,inferred
South Northamptonshire,2020-08-31,0.8,1.3,1.4,1.5,2.0,inferred
South Northamptonshire,2020-09-01,0.8,1.3,1.5,1.8,1.9,inferred
South Northamptonshire,2020-09-02,0.8,1.3,1.5,1.8,2.0,inferred
South Northamptonshire,2020-09-03,0.9,1.5,1.6,1.9,2.0,inferred
South Northamptonshire,2020-09-04,1.0,1.5,1.7,2.0,2.1,inferred
South Northamptonshire,2020-09-05,1.2,1.5,1.8,1.9,2.4,inferred
South Northamptonshire,2020-09-06,1.4,1.5,1.7,2.0,2.6,inferred
South Northamptonshire,2020-09-07,1.5,1.5,1.7,2.1,2.8,inferred
South Northamptonshire,2020-09-08,1.4,1.5,1.7,2.1,2.8,inferred
South Northamptonshire,2020-09-09,1.3,1.4,1.8,2.0,2.5,inferred
South Northamptonshire,2020-09-10,1.2,1.3,1.8,2.0,2.2,inferred
South Northamptonshire,2020-09-11,1.1,1.3,1.7,2.0,2.1,inferred
South Northamptonshire,2020-09-12,1.1,1.3,1.7,2.0,2.0,inferred
South Northamptonshire,2020-09-13,1.1,1.4,1.7,1.9,2.1,inferred
South Northamptonshire,2020-09-14,1.2,1.5,1.8,1.9,2.2,inferred
South Northamptonshire,2020-09-15,1.1,1.7,1.8,2.1,2.1,inferred
South Northamptonshire,2020-09-16,1.1,1.7,1.9,2.0,2.5,inferred
South Northamptonshire,2020-09-17,1.2,1.6,1.9,2.3,2.8,inferred
South Northamptonshire,2020-09-18,1.4,1.7,2.0,2.6,3.0,inferred
South Northamptonshire,2020-09-19,1.4,1.8,2.0,2.9,3.0,inferred
South Northamptonshire,2020-09-20,1.5,1.8,2.1,2.7,3.3,inferred
South Northamptonshire,2020-09-21,1.5,1.9,2.1,2.5,3.5,inferred
South Northamptonshire,2020-09-22,1.4,2.0,2.2,2.5,3.6,inferred
South Northamptonshire,2020-09-23,1.6,2.0,2.2,2.4,3.7,inferred
South Northamptonshire,2020-09-24,1.8,2.1,2.3,2.6,3.5,inferred
South Northamptonshire,2020-09-25,2.0,2.3,2.5,2.7,3.2,inferred
South Northamptonshire,2020-09-26,2.1,2.3,2.7,3.0,3.1,inferred
South Northamptonshire,2020-09-27,2.2,2.5,3.1,3.4,3.5,inferred
South Northamptonshire,2020-09-28,2.4,2.7,3.5,3.7,3.9,inferred
South Northamptonshire,2020-09-29,2.7,2.7,3.9,4.2,4.3,inferred
South Northamptonshire,2020-09-30,2.9,3.1,4.3,4.8,5.1,inferred
South Northamptonshire,2020-10-01,3.1,3.7,4.6,5.4,5.7,inferred
South Northamptonshire,2020-10-02,3.5,4.6,5.1,5.7,6.1,inferred
South Northamptonshire,2020-10-03,4.1,5.3,5.7,6.2,7.0,inferred
South Northamptonshire,2020-10-04,4.9,5.8,6.2,6.8,7.7,inferred
South Northamptonshire,2020-10-05,5.6,6.5,6.7,7.8,8.5,inferred
South Northamptonshire,2020-10-06,6.2,7.3,7.6,8.0,10.0,inferred
South Northamptonshire,2020-10-07,6.8,7.8,8.1,8.9,11.4,inferred
South Northamptonshire,2020-10-08,7.2,8.3,8.8,10.3,12.4,inferred
South Northamptonshire,2020-10-09,7.3,8.8,9.5,11.3,12.8,inferred
South Northamptonshire,2020-10-10,7.5,9.5,10.4,12.2,13.1,inferred
South Northamptonshire,2020-10-11,7.8,10.2,11.2,11.9,14.1,inferred
South Northamptonshire,2020-10-12,8.5,10.5,11.5,12.3,14.4,inferred
South Northamptonshire,2020-10-13,9.4,10.8,11.5,13.1,14.8,inferred
South Northamptonshire,2020-10-14,10.4,11.2,11.8,13.8,14.9,inferred
South Northamptonshire,2020-10-15,11.5,11.6,12.4,13.7,14.8,inferred
South Northamptonshire,2020-10-16,12.0,12.2,13.0,13.7,15.8,inferred
South Northamptonshire,2020-10-17,12.7,12.9,13.2,14.1,17.0,inferred
South Northamptonshire,2020-10-18,12.8,13.5,14.0,14.3,18.2,inferred
South Northamptonshire,2020-10-19,13.2,14.2,14.2,14.9,19.5,inferred
South Northamptonshire,2020-10-20,13.5,13.7,14.3,15.9,20.8,inferred
South Northamptonshire,2020-10-21,12.3,13.8,14.6,16.2,21.1,inferred
South Northamptonshire,2020-10-22,11.2,14.3,15.0,15.6,20.2,inferred
South Northamptonshire,2020-10-23,10.9,14.7,15.0,16.3,18.6,inferred
South Northamptonshire,2020-10-24,11.6,14.7,15.2,16.5,17.5,inferred
South Northamptonshire,2020-10-25,13.0,14.9,15.7,16.8,18.8,inferred
South Northamptonshire,2020-10-26,13.8,15.5,16.3,17.2,19.9,inferred
South Northamptonshire,2020-10-27,14.8,15.7,16.6,17.7,20.6,inferred
South Northamptonshire,2020-10-28,14.6,16.8,17.3,18.5,21.2,inferred
South Northamptonshire,2020-10-29,14.0,17.8,18.1,18.8,21.8,inferred
South Northamptonshire,2020-10-30,14.0,18.8,19.3,19.9,22.2,inferred
South Northamptonshire,2020-10-31,14.7,19.2,20.6,20.9,22.8,inferred
South Northamptonshire,2020-11-01,15.8,20.4,21.5,22.4,23.9,inferred
South Northamptonshire,2020-11-02,17.4,21.1,22.8,24.2,25.3,inferred
South Northamptonshire,2020-11-03,19.4,21.8,24.2,26.3,26.5,inferred
South Northamptonshire,2020-11-04,21.4,22.1,25.0,26.5,28.5,inferred
South Northamptonshire,2020-11-05,22.4,24.0,25.6,26.2,30.5,inferred
South Northamptonshire,2020-11-06,23.2,25.7,26.4,26.9,31.6,inferred
South Northamptonshire,2020-11-07,24.7,26.6,27.8,29.1,31.1,inferred
South Northamptonshire,2020-11-08,26.8,27.8,29.2,30.4,31.1,inferred
South Northamptonshire,2020-11-09,28.0,29.2,30.1,31.9,33.8,inferred
South Northamptonshire,2020-11-10,29.1,29.8,32.2,33.0,36.9,inferred
South Northamptonshire,2020-11-11,29.5,30.6,32.7,34.1,39.5,inferred
South Northamptonshire,2020-11-12,28.9,31.1,32.6,34.1,41.1,inferred
South Northamptonshire,2020-11-13,28.3,30.9,33.0,33.5,41.0,inferred
South Northamptonshire,2020-11-14,28.2,30.3,32.4,35.1,39.1,inferred
South Northamptonshire,2020-11-15,29.0,29.6,32.0,33.6,36.9,inferred
South Northamptonshire,2020-11-16,28.5,30.0,32.0,33.7,38.0,inferred
South Northamptonshire,2020-11-17,27.3,30.3,32.0,33.0,37.9,inferred
South Northamptonshire,2020-11-18,26.5,29.8,31.2,32.3,36.9,inferred
South Northamptonshire,2020-11-19,26.6,28.5,30.0,31.6,35.7,inferred
South Northamptonshire,2020-11-20,25.1,27.5,29.2,31.3,34.8,inferred
South Oxfordshire,2020-08-01,0.9,0.9,0.9,0.9,1.0,inferred
South Oxfordshire,2020-08-02,1.0,1.0,1.0,1.0,1.0,inferred
South Oxfordshire,2020-08-03,0.9,0.9,0.9,1.0,1.0,inferred
South Oxfordshire,2020-08-04,0.8,0.8,0.8,0.8,0.9,inferred
South Oxfordshire,2020-08-05,0.6,0.7,0.7,0.7,0.9,inferred
South Oxfordshire,2020-08-06,0.5,0.6,0.7,0.8,0.9,inferred
South Oxfordshire,2020-08-07,0.5,0.6,0.8,0.9,1.0,inferred
South Oxfordshire,2020-08-08,0.6,0.7,0.9,1.0,1.1,inferred
South Oxfordshire,2020-08-09,0.7,0.8,0.9,1.1,1.1,inferred
South Oxfordshire,2020-08-10,0.8,0.9,1.0,1.1,1.2,inferred
South Oxfordshire,2020-08-11,0.8,1.0,1.1,1.2,1.2,inferred
South Oxfordshire,2020-08-12,0.8,1.0,1.2,1.3,1.3,inferred
South Oxfordshire,2020-08-13,0.8,1.1,1.2,1.4,1.5,inferred
South Oxfordshire,2020-08-14,0.7,1.2,1.3,1.6,1.7,inferred
South Oxfordshire,2020-08-15,0.8,1.2,1.3,1.7,2.0,inferred
South Oxfordshire,2020-08-16,0.9,1.1,1.5,1.8,2.1,inferred
South Oxfordshire,2020-08-17,1.0,1.1,1.6,1.8,2.3,inferred
South Oxfordshire,2020-08-18,1.1,1.2,1.8,1.9,2.3,inferred
South Oxfordshire,2020-08-19,1.2,1.4,1.7,2.0,2.2,inferred
South Oxfordshire,2020-08-20,1.2,1.4,1.7,2.1,2.1,inferred
South Oxfordshire,2020-08-21,1.1,1.3,1.8,2.0,2.0,inferred
South Oxfordshire,2020-08-22,1.1,1.2,1.6,1.9,2.2,inferred
South Oxfordshire,2020-08-23,1.1,1.3,1.5,2.0,2.2,inferred
South Oxfordshire,2020-08-24,1.1,1.3,1.5,1.9,2.2,inferred
South Oxfordshire,2020-08-25,1.2,1.3,1.5,1.8,2.2,inferred
South Oxfordshire,2020-08-26,1.2,1.5,1.6,1.7,2.3,inferred
South Oxfordshire,2020-08-27,1.3,1.4,1.6,1.9,2.5,inferred
South Oxfordshire,2020-08-28,1.3,1.4,1.5,2.0,2.7,inferred
South Oxfordshire,2020-08-29,1.2,1.3,1.5,1.7,2.9,inferred
South Oxfordshire,2020-08-30,1.2,1.3,1.5,1.7,2.8,inferred
South Oxfordshire,2020-08-31,1.2,1.3,1.5,1.9,2.6,inferred
South Oxfordshire,2020-09-01,1.2,1.3,1.6,2.1,2.5,inferred
South Oxfordshire,2020-09-02,1.3,1.5,1.8,2.1,2.6,inferred
South Oxfordshire,2020-09-03,1.2,1.7,1.9,2.1,2.8,inferred
South Oxfordshire,2020-09-04,1.2,1.8,1.9,2.1,2.9,inferred
South Oxfordshire,2020-09-05,1.1,1.8,1.9,2.1,2.9,inferred
South Oxfordshire,2020-09-06,1.2,1.9,1.9,2.1,2.8,inferred
South Oxfordshire,2020-09-07,1.3,1.9,2.0,2.2,2.8,inferred
South Oxfordshire,2020-09-08,1.5,1.8,2.0,2.2,2.6,inferred
South Oxfordshire,2020-09-09,1.6,1.7,2.0,2.2,2.5,inferred
South Oxfordshire,2020-09-10,1.4,1.7,1.9,2.2,2.3,inferred
South Oxfordshire,2020-09-11,1.3,1.5,1.9,2.1,2.3,inferred
South Oxfordshire,2020-09-12,1.2,1.3,1.8,2.1,2.5,inferred
South Oxfordshire,2020-09-13,1.0,1.3,1.7,2.0,2.6,inferred
South Oxfordshire,2020-09-14,1.1,1.5,1.7,2.0,2.5,inferred
South Oxfordshire,2020-09-15,1.2,1.6,1.8,2.0,2.4,inferred
South Oxfordshire,2020-09-16,1.3,1.6,1.9,2.2,2.3,inferred
South Oxfordshire,2020-09-17,1.5,1.7,1.9,2.3,2.5,inferred
South Oxfordshire,2020-09-18,1.6,1.7,2.2,2.3,3.0,inferred
South Oxfordshire,2020-09-19,1.8,1.8,2.4,2.6,3.3,inferred
South Oxfordshire,2020-09-20,2.0,2.0,2.5,2.9,3.4,inferred
South Oxfordshire,2020-09-21,2.0,2.1,2.5,3.1,3.7,inferred
South Oxfordshire,2020-09-22,1.9,2.2,2.6,3.2,3.8,inferred
South Oxfordshire,2020-09-23,1.9,2.4,2.8,3.2,3.6,inferred
South Oxfordshire,2020-09-24,2.0,2.6,3.0,3.3,3.6,inferred
South Oxfordshire,2020-09-25,2.3,2.8,3.1,3.5,3.7,inferred
South Oxfordshire,2020-09-26,2.6,2.9,3.3,3.8,4.0,inferred
South Oxfordshire,2020-09-27,2.9,3.1,3.6,4.2,4.5,inferred
South Oxfordshire,2020-09-28,3.1,3.5,3.9,4.5,5.0,inferred
South Oxfordshire,2020-09-29,3.2,3.9,4.3,4.8,5.3,inferred
South Oxfordshire,2020-09-30,3.6,4.1,4.8,5.2,5.7,inferred
South Oxfordshire,2020-10-01,4.4,5.0,5.3,6.1,6.4,inferred
South Oxfordshire,2020-10-02,5.1,5.5,6.2,7.1,7.3,inferred
South Oxfordshire,2020-10-03,5.8,6.2,7.1,8.2,8.4,inferred
South Oxfordshire,2020-10-04,6.1,7.2,7.7,8.8,9.6,inferred
South Oxfordshire,2020-10-05,6.7,7.4,8.2,9.2,10.3,inferred
South Oxfordshire,2020-10-06,7.5,7.6,8.4,9.2,10.3,inferred
South Oxfordshire,2020-10-07,8.0,8.2,8.6,9.4,9.9,inferred
South Oxfordshire,2020-10-08,7.9,8.7,9.0,9.5,10.6,inferred
South Oxfordshire,2020-10-09,7.6,8.9,9.4,10.2,11.4,inferred
South Oxfordshire,2020-10-10,7.5,9.5,10.0,11.0,12.2,inferred
South Oxfordshire,2020-10-11,8.0,10.7,11.0,11.8,12.9,inferred
South Oxfordshire,2020-10-12,9.2,11.3,12.3,13.2,14.1,inferred
South Oxfordshire,2020-10-13,10.4,11.8,12.9,13.7,16.0,inferred
South Oxfordshire,2020-10-14,11.4,12.0,13.2,14.4,17.6,inferred
South Oxfordshire,2020-10-15,11.8,12.3,13.4,14.4,17.7,inferred
South Oxfordshire,2020-10-16,11.3,12.3,13.8,15.5,17.8,inferred
South Oxfordshire,2020-10-17,11.3,12.8,14.6,15.8,19.3,inferred
South Oxfordshire,2020-10-18,12.3,13.7,15.4,17.3,21.4,inferred
South Oxfordshire,2020-10-19,13.8,15.0,16.3,19.0,23.3,inferred
South Oxfordshire,2020-10-20,15.6,16.6,17.3,19.7,24.1,inferred
South Oxfordshire,2020-10-21,17.0,17.3,18.6,20.4,24.1,inferred
South Oxfordshire,2020-10-22,17.4,18.3,19.0,21.1,23.7,inferred
South Oxfordshire,2020-10-23,17.8,18.6,19.1,20.8,23.5,inferred
South Oxfordshire,2020-10-24,18.1,18.8,19.7,20.3,23.4,inferred
South Oxfordshire,2020-10-25,18.6,19.0,20.2,20.9,23.4,inferred
South Oxfordshire,2020-10-26,18.9,19.4,21.0,22.1,24.5,inferred
South Oxfordshire,2020-10-27,19.0,20.0,21.5,24.3,25.9,inferred
South Oxfordshire,2020-10-28,19.0,20.8,22.0,25.3,26.9,inferred
South Oxfordshire,2020-10-29,19.9,21.9,22.8,25.9,27.7,inferred
South Oxfordshire,2020-10-30,21.2,22.8,23.3,26.1,26.5,inferred
South Oxfordshire,2020-10-31,21.5,23.1,23.7,25.6,25.8,inferred
South Oxfordshire,2020-11-01,20.9,23.1,24.5,25.5,26.2,inferred
South Oxfordshire,2020-11-02,19.8,24.2,25.0,25.8,27.7,inferred
South Oxfordshire,2020-11-03,20.4,24.5,25.7,26.6,29.4,inferred
South Oxfordshire,2020-11-04,21.5,24.5,26.6,27.7,30.4,inferred
South Oxfordshire,2020-11-05,22.3,24.6,27.3,28.2,30.6,inferred
South Oxfordshire,2020-11-06,22.6,25.0,27.6,27.9,30.0,inferred
South Oxfordshire,2020-11-07,22.6,25.7,27.3,28.2,31.3,inferred
South Oxfordshire,2020-11-08,23.0,25.1,26.9,27.8,31.2,inferred
South Oxfordshire,2020-11-09,23.5,24.2,26.7,27.0,29.5,inferred
South Oxfordshire,2020-11-10,22.7,23.4,25.1,26.6,27.3,inferred
South Oxfordshire,2020-11-11,21.3,22.0,24.1,25.6,25.9,inferred
South Oxfordshire,2020-11-12,18.4,21.1,23.3,24.2,25.0,inferred
South Oxfordshire,2020-11-13,16.8,19.7,22.0,22.5,24.0,inferred
South Oxfordshire,2020-11-14,16.6,19.1,20.9,22.0,22.8,inferred
South Oxfordshire,2020-11-15,17.2,19.2,19.8,21.6,22.1,inferred
South Oxfordshire,2020-11-16,18.2,18.7,19.4,20.6,21.8,inferred
South Oxfordshire,2020-11-17,17.3,19.1,19.5,19.9,21.1,inferred
South Oxfordshire,2020-11-18,15.8,18.0,19.5,19.9,20.7,inferred
South Oxfordshire,2020-11-19,14.1,17.6,18.8,19.9,20.9,inferred
South Oxfordshire,2020-11-20,12.3,16.5,18.3,19.8,20.9,inferred
Swindon,2020-08-01,14.7,14.7,14.7,14.7,14.7,inferred
Swindon,2020-08-02,14.7,14.7,14.7,14.7,14.7,inferred
Swindon,2020-08-03,15.1,15.1,15.1,15.2,15.2,inferred
Swindon,2020-08-04,15.8,15.9,15.9,16.0,16.1,inferred
Swindon,2020-08-05,16.0,16.1,16.5,16.6,17.0,inferred
Swindon,2020-08-06,15.5,15.6,16.1,16.4,17.3,inferred
Swindon,2020-08-07,14.4,14.6,15.4,15.9,16.9,inferred
Swindon,2020-08-08,12.8,13.3,14.8,15.3,15.8,inferred
Swindon,2020-08-09,11.3,11.9,13.8,14.6,15.4,inferred
Swindon,2020-08-10,10.6,11.6,12.6,14.5,15.6,inferred
Swindon,2020-08-11,10.5,11.7,12.2,14.2,15.4,inferred
Swindon,2020-08-12,11.1,11.4,12.7,14.2,15.1,inferred
Swindon,2020-08-13,10.9,11.8,13.4,14.3,14.9,inferred
Swindon,2020-08-14,10.9,12.2,13.0,14.4,15.4,inferred
Swindon,2020-08-15,11.0,11.5,12.9,13.8,15.6,inferred
Swindon,2020-08-16,11.1,11.2,12.8,13.3,15.6,inferred
Swindon,2020-08-17,11.2,11.5,12.7,13.7,15.7,inferred
Swindon,2020-08-18,11.1,11.4,12.5,14.3,15.9,inferred
Swindon,2020-08-19,10.5,11.3,11.9,14.3,15.3,inferred
Swindon,2020-08-20,10.0,10.9,11.1,13.4,14.6,inferred
Swindon,2020-08-21,9.4,9.8,10.5,12.3,13.2,inferred
Swindon,2020-08-22,8.8,9.4,9.8,11.3,11.6,inferred
Swindon,2020-08-23,8.3,8.5,8.9,9.9,11.0,inferred
Swindon,2020-08-24,7.2,7.6,8.0,9.0,10.2,inferred
Swindon,2020-08-25,6.2,6.7,7.4,8.4,9.0,inferred
Swindon,2020-08-26,5.5,5.8,6.7,7.7,8.0,inferred
Swindon,2020-08-27,4.4,5.6,6.1,6.6,7.7,inferred
Swindon,2020-08-28,3.6,5.4,5.7,6.0,7.6,inferred
Swindon,2020-08-29,3.4,5.1,5.5,6.2,7.7,inferred
Swindon,2020-08-30,3.8,5.0,5.4,6.4,8.0,inferred
Swindon,2020-08-31,4.3,5.0,5.6,6.2,8.4,inferred
Swindon,2020-09-01,4.5,5.0,5.5,6.6,8.8,inferred
Swindon,2020-09-02,4.5,5.0,5.3,6.4,8.6,inferred
Swindon,2020-09-03,4.6,4.9,5.0,5.9,7.9,inferred
Swindon,2020-09-04,4.3,4.6,4.7,5.6,6.8,inferred
Swindon,2020-09-05,3.6,4.2,4.5,5.5,6.2,inferred
Swindon,2020-09-06,3.2,3.8,4.2,4.7,6.0,inferred
Swindon,2020-09-07,2.8,3.4,3.9,4.3,5.8,inferred
Swindon,2020-09-08,2.6,3.3,3.5,4.4,5.7,inferred
Swindon,2020-09-09,2.5,3.1,3.6,4.5,5.6,inferred
Swindon,2020-09-10,2.4,3.1,3.7,4.2,5.2,inferred
Swindon,2020-09-11,2.3,3.2,3.5,4.2,4.7,inferred
Swindon,2020-09-12,2.2,3.0,3.5,4.2,4.4,inferred
Swindon,2020-09-13,2.1,3.2,3.5,4.3,4.4,inferred
Swindon,2020-09-14,2.2,3.2,3.4,4.1,4.2,inferred
Swindon,2020-09-15,2.6,3.0,3.5,3.9,4.1,inferred
Swindon,2020-09-16,2.9,3.2,3.5,3.8,4.0,inferred
Swindon,2020-09-17,2.9,3.5,3.7,4.0,4.3,inferred
Swindon,2020-09-18,3.0,3.5,4.0,4.5,5.2,inferred
Swindon,2020-09-19,3.1,4.1,4.4,4.8,6.4,inferred
Swindon,2020-09-20,3.1,4.3,4.6,5.4,7.6,inferred
Swindon,2020-09-21,3.5,4.5,4.6,6.0,8.2,inferred
Swindon,2020-09-22,4.0,4.6,4.9,6.7,7.8,inferred
Swindon,2020-09-23,4.5,4.9,5.3,7.2,7.3,inferred
Swindon,2020-09-24,4.8,5.2,5.8,7.0,7.5,inferred
Swindon,2020-09-25,5.0,5.8,6.1,6.8,7.4,inferred
Swindon,2020-09-26,5.1,5.8,6.4,6.9,7.7,inferred
Swindon,2020-09-27,5.2,5.8,6.7,7.1,8.5,inferred
Swindon,2020-09-28,5.2,6.0,7.0,7.1,9.2,inferred
Swindon,2020-09-29,5.3,6.2,7.1,8.2,9.8,inferred
Swindon,2020-09-30,6.0,6.6,7.5,9.2,10.4,inferred
Swindon,2020-10-01,7.2,7.3,8.2,10.6,12.4,inferred
Swindon,2020-10-02,8.1,8.8,9.3,11.0,14.2,inferred
Swindon,2020-10-03,9.1,9.9,11.0,11.7,15.7,inferred
Swindon,2020-10-04,10.3,11.4,12.5,13.7,16.7,inferred
Swindon,2020-10-05,11.5,13.2,13.9,15.9,17.2,inferred
Swindon,2020-10-06,12.6,14.6,14.9,16.8,17.4,inferred
Swindon,2020-10-07,13.7,16.0,16.2,16.5,17.6,inferred
Swindon,2020-10-08,15.0,15.8,16.9,17.9,18.3,inferred
Swindon,2020-10-09,14.9,16.1,17.1,19.7,20.3,inferred
Swindon,2020-10-10,15.0,16.4,18.2,21.4,22.6,inferred
Swindon,2020-10-11,15.5,17.7,19.2,22.5,24.5,inferred
Swindon,2020-10-12,16.5,19.3,20.2,24.0,26.9,inferred
Swindon,2020-10-13,18.3,21.3,21.7,26.0,29.6,inferred
Swindon,2020-10-14,21.0,22.4,24.4,25.8,31.6,inferred
Swindon,2020-10-15,23.3,24.4,26.1,29.5,35.1,inferred
Swindon,2020-10-16,24.6,26.3,28.2,29.9,37.8,inferred
Swindon,2020-10-17,25.2,29.0,30.4,31.8,39.6,inferred
Swindon,2020-10-18,26.0,28.4,33.3,35.5,40.4,inferred
Swindon,2020-10-19,26.9,29.0,36.3,40.3,43.5,inferred
Swindon,2020-10-20,27.7,31.1,39.6,42.3,48.1,inferred
Swindon,2020-10-21,28.4,33.0,42.0,45.8,52.4,inferred
Swindon,2020-10-22,29.9,33.7,43.4,47.3,55.6,inferred
Swindon,2020-10-23,31.9,36.1,44.7,46.9,57.4,inferred
Swindon,2020-10-24,34.3,40.0,46.0,48.3,59.8,inferred
Swindon,2020-10-25,36.4,43.7,48.2,50.2,65.6,inferred
Swindon,2020-10-26,39.5,47.2,50.5,53.6,71.7,inferred
Swindon,2020-10-27,42.5,50.5,53.8,56.9,77.8,inferred
Swindon,2020-10-28,45.4,53.2,56.9,58.1,82.3,inferred
Swindon,2020-10-29,47.6,54.6,58.3,59.4,83.0,inferred
Swindon,2020-10-30,49.2,54.4,58.4,61.0,80.2,inferred
Swindon,2020-10-31,48.0,56.6,58.8,60.8,76.1,inferred
Swindon,2020-11-01,48.6,56.5,59.4,61.8,72.8,inferred
Swindon,2020-11-02,51.9,58.3,60.8,62.8,71.3,inferred
Swindon,2020-11-03,54.7,57.2,62.2,65.3,71.1,inferred
Swindon,2020-11-04,54.9,55.8,61.9,68.0,72.0,inferred
Swindon,2020-11-05,53.8,54.6,61.9,68.4,73.8,inferred
Swindon,2020-11-06,53.1,54.4,61.4,68.4,75.6,inferred
Swindon,2020-11-07,53.4,55.2,60.6,69.8,76.0,inferred
Swindon,2020-11-08,54.7,57.6,60.1,68.5,75.2,inferred
Swindon,2020-11-09,56.5,58.4,61.5,67.6,74.9,inferred
Swindon,2020-11-10,57.0,58.5,63.1,65.9,75.6,inferred
Swindon,2020-11-11,56.2,57.8,62.1,67.7,75.3,inferred
Swindon,2020-11-12,54.1,56.8,59.5,67.6,73.0,inferred
Swindon,2020-11-13,51.8,55.0,59.0,66.9,69.0,inferred
Swindon,2020-11-14,48.5,53.9,59.6,65.7,68.5,inferred
Swindon,2020-11-15,44.0,52.3,57.9,66.8,67.7,inferred
Swindon,2020-11-16,41.8,51.4,57.0,66.9,68.2,inferred
Swindon,2020-11-17,41.3,50.4,55.0,66.6,67.2,inferred
Swindon,2020-11-18,40.0,49.6,53.1,64.4,66.8,inferred
Swindon,2020-11-19,38.5,47.4,52.3,64.4,67.5,inferred
Swindon,2020-11-20,37.0,43.6,51.5,63.7,69.0,inferred
Vale of White Horse,2020-08-01,1.0,1.0,1.0,1.0,1.0,inferred
Vale of White Horse,2020-08-02,1.4,1.4,1.4,1.4,1.4,inferred
Vale of White Horse,2020-08-03,1.6,1.6,1.6,1.6,1.6,inferred
Vale of White Horse,2020-08-04,1.6,1.6,1.6,1.6,1.6,inferred
Vale of White Horse,2020-08-05,1.4,1.4,1.5,1.6,1.6,inferred
Vale of White Horse,2020-08-06,1.2,1.3,1.4,1.5,1.6,inferred
Vale of White Horse,2020-08-07,1.1,1.2,1.4,1.5,1.7,inferred
Vale of White Horse,2020-08-08,1.2,1.3,1.5,1.6,1.8,inferred
Vale of White Horse,2020-08-09,1.3,1.4,1.5,1.7,1.9,inferred
Vale of White Horse,2020-08-10,1.4,1.5,1.6,1.7,2.0,inferred
Vale of White Horse,2020-08-11,1.4,1.5,1.6,1.9,2.0,inferred
Vale of White Horse,2020-08-12,1.3,1.5,1.6,2.0,2.1,inferred
Vale of White Horse,2020-08-13,1.2,1.5,1.6,2.0,2.2,inferred
Vale of White Horse,2020-08-14,1.2,1.5,1.7,2.0,2.2,inferred
Vale of White Horse,2020-08-15,1.3,1.6,1.8,2.0,2.2,inferred
Vale of White Horse,2020-08-16,1.4,1.8,2.0,2.1,2.3,inferred
Vale of White Horse,2020-08-17,1.4,1.9,2.1,2.1,2.7,inferred
Vale of White Horse,2020-08-18,1.6,2.0,2.0,2.0,2.8,inferred
Vale of White Horse,2020-08-19,1.7,1.9,2.0,2.1,2.6,inferred
Vale of White Horse,2020-08-20,1.7,1.8,1.9,2.2,2.7,inferred
Vale of White Horse,2020-08-21,1.6,1.8,1.8,2.1,3.0,inferred
Vale of White Horse,2020-08-22,1.6,1.8,1.9,2.2,3.3,inferred
Vale of White Horse,2020-08-23,1.6,1.8,2.1,2.2,3.6,inferred
Vale of White Horse,2020-08-24,1.6,1.9,2.2,2.6,3.8,inferred
Vale of White Horse,2020-08-25,1.6,2.1,2.4,2.9,3.7,inferred
Vale of White Horse,2020-08-26,1.4,2.3,2.4,3.0,3.4,inferred
Vale of White Horse,2020-08-27,1.3,2.3,2.5,3.0,3.3,inferred
Vale of White Horse,2020-08-28,1.4,2.2,2.5,2.7,3.5,inferred
Vale of White Horse,2020-08-29,1.6,2.1,2.4,2.5,3.5,inferred
Vale of White Horse,2020-08-30,1.8,2.1,2.2,2.6,3.6,inferred
Vale of White Horse,2020-08-31,1.8,2.0,2.2,2.5,3.6,inferred
Vale of White Horse,2020-09-01,1.7,2.1,2.3,2.6,3.6,inferred
Vale of White Horse,2020-09-02,1.8,2.1,2.6,2.6,3.6,inferred
Vale of White Horse,2020-09-03,1.7,2.1,2.6,2.9,3.4,inferred
Vale of White Horse,2020-09-04,1.6,2.1,2.6,3.0,3.2,inferred
Vale of White Horse,2020-09-05,1.5,2.0,2.6,3.0,3.6,inferred
Vale of White Horse,2020-09-06,1.6,2.0,2.4,3.1,3.8,inferred
Vale of White Horse,2020-09-07,1.6,1.9,2.5,3.1,3.7,inferred
Vale of White Horse,2020-09-08,1.7,1.8,2.8,3.1,3.6,inferred
Vale of White Horse,2020-09-09,1.8,1.9,2.7,3.3,3.6,inferred
Vale of White Horse,2020-09-10,1.8,2.2,2.6,3.0,3.8,inferred
Vale of White Horse,2020-09-11,1.8,2.2,2.6,2.9,4.0,inferred
Vale of White Horse,2020-09-12,1.9,2.4,2.7,2.8,4.0,inferred
Vale of White Horse,2020-09-13,2.1,2.5,2.7,2.9,3.7,inferred
Vale of White Horse,2020-09-14,2.4,2.5,2.6,3.1,3.3,inferred
Vale of White Horse,2020-09-15,2.3,2.5,2.8,3.2,3.5,inferred
Vale of White Horse,2020-09-16,2.4,2.5,2.8,3.2,3.7,inferred
Vale of White Horse,2020-09-17,2.2,2.5,2.8,3.2,3.7,inferred
Vale of White Horse,2020-09-18,2.0,2.5,2.7,3.3,3.4,inferred
Vale of White Horse,2020-09-19,2.0,2.4,2.9,3.1,3.5,inferred
Vale of White Horse,2020-09-20,2.0,2.5,2.8,3.4,3.4,inferred
Vale of White Horse,2020-09-21,2.1,2.5,2.8,3.4,3.8,inferred
Vale of White Horse,2020-09-22,2.3,2.6,2.9,3.4,4.1,inferred
Vale of White Horse,2020-09-23,2.5,2.9,3.2,3.9,4.1,inferred
Vale of White Horse,2020-09-24,2.7,2.9,3.4,4.2,4.2,inferred
Vale of White Horse,2020-09-25,2.8,2.9,3.7,4.2,4.9,inferred
Vale of White Horse,2020-09-26,2.9,3.3,3.9,4.4,5.3,inferred
Vale of White Horse,2020-09-27,2.9,3.8,4.2,4.7,5.6,inferred
Vale of White Horse,2020-09-28,3.2,4.1,4.6,5.0,5.9,inferred
Vale of White Horse,2020-09-29,3.8,4.6,5.1,5.3,6.1,inferred
Vale of White Horse,2020-09-30,4.7,5.2,5.6,6.2,6.6,inferred
Vale of White Horse,2020-10-01,5.3,5.8,5.9,6.7,7.8,inferred
Vale of White Horse,2020-10-02,5.8,6.1,6.7,7.3,9.0,inferred
Vale of White Horse,2020-10-03,6.3,6.7,7.3,7.5,9.7,inferred
Vale of White Horse,2020-10-04,6.7,7.2,7.5,8.4,9.6,inferred
Vale of White Horse,2020-10-05,6.8,7.1,7.7,8.8,9.3,inferred
Vale of White Horse,2020-10-06,6.7,7.4,8.1,8.7,9.8,inferred
Vale of White Horse,2020-10-07,6.8,7.6,8.1,8.7,9.8,inferred
Vale of White Horse,2020-10-08,6.8,8.1,8.4,8.9,10.8,inferred
Vale of White Horse,2020-10-09,7.2,8.6,8.7,9.4,11.9,inferred
Vale of White Horse,2020-10-10,8.0,8.4,9.3,9.8,12.3,inferred
Vale of White Horse,2020-10-11,8.3,9.1,9.9,10.5,12.2,inferred
Vale of White Horse,2020-10-12,9.1,9.7,10.6,11.8,12.5,inferred
Vale of White Horse,2020-10-13,9.3,10.6,11.5,12.7,13.6,inferred
Vale of White Horse,2020-10-14,9.7,11.1,12.2,12.9,15.4,inferred
Vale of White Horse,2020-10-15,10.1,11.8,12.6,13.5,16.4,inferred
Vale of White Horse,2020-10-16,10.6,12.1,12.7,13.6,16.3,inferred
Vale of White Horse,2020-10-17,11.1,12.2,12.8,14.1,15.3,inferred
Vale of White Horse,2020-10-18,11.9,12.3,13.1,14.5,14.7,inferred
Vale of White Horse,2020-10-19,12.6,12.8,13.3,14.3,15.2,inferred
Vale of White Horse,2020-10-20,12.4,13.4,14.0,15.7,16.3,inferred
Vale of White Horse,2020-10-21,12.8,14.1,14.7,15.8,17.6,inferred
Vale of White Horse,2020-10-22,14.1,14.4,15.1,15.5,18.3,inferred
Vale of White Horse,2020-10-23,14.4,14.8,15.8,15.9,18.5,inferred
Vale of White Horse,2020-10-24,14.3,15.2,16.2,17.0,18.2,inferred
Vale of White Horse,2020-10-25,14.2,15.7,16.7,17.5,17.9,inferred
Vale of White Horse,2020-10-26,14.3,16.4,17.0,18.0,18.5,inferred
Vale of White Horse,2020-10-27,14.9,16.8,17.4,18.8,19.6,inferred
Vale of White Horse,2020-10-28,15.6,17.0,18.0,19.7,21.4,inferred
Vale of White Horse,2020-10-29,15.7,17.1,18.3,20.7,22.3,inferred
Vale of White Horse,2020-10-30,15.7,16.9,18.6,21.5,23.0,inferred
Vale of White Horse,2020-10-31,15.7,16.7,19.2,21.4,23.2,inferred
Vale of White Horse,2020-11-01,16.7,17.2,19.8,21.2,22.4,inferred
Vale of White Horse,2020-11-02,16.6,18.3,19.9,20.9,22.3,inferred
Vale of White Horse,2020-11-03,16.7,19.0,20.4,20.9,21.4,inferred
Vale of White Horse,2020-11-04,17.6,19.0,20.3,20.8,23.0,inferred
Vale of White Horse,2020-11-05,19.1,19.4,20.3,21.7,24.9,inferred
Vale of White Horse,2020-11-06,19.0,20.8,21.6,23.6,26.5,inferred
Vale of White Horse,2020-11-07,19.6,22.3,22.7,25.6,27.7,inferred
Vale of White Horse,2020-11-08,20.9,23.0,23.6,26.9,28.2,inferred
Vale of White Horse,2020-11-09,21.9,23.1,24.1,27.7,28.4,inferred
Vale of White Horse,2020-11-10,21.8,23.0,24.5,26.5,29.0,inferred
Vale of White Horse,2020-11-11,20.9,22.2,24.3,27.3,28.6,inferred
Vale of White Horse,2020-11-12,19.7,20.6,22.9,26.6,27.1,inferred
Vale of White Horse,2020-11-13,18.6,19.0,21.5,24.4,26.3,inferred
Vale of White Horse,2020-11-14,17.3,18.4,19.9,21.8,25.6,inferred
Vale of White Horse,2020-11-15,16.1,17.1,18.8,21.0,24.5,inferred
Vale of White Horse,2020-11-16,15.5,15.7,17.1,19.6,23.2,inferred
Vale of White Horse,2020-11-17,14.3,15.1,15.7,18.8,22.1,inferred
Vale of White Horse,2020-11-18,13.3,13.8,15.5,17.6,21.4,inferred
Vale of White Horse,2020-11-19,12.6,13.0,14.9,16.3,20.9,inferred
Vale of White Horse,2020-11-20,11.8,12.4,14.2,16.9,20.7,inferred
West Berkshire,2020-08-01,0.9,1.0,1.0,1.0,1.0,inferred
West Berkshire,2020-08-02,0.8,0.8,0.8,0.8,0.8,inferred
West Berkshire,2020-08-03,0.6,0.6,0.6,0.6,0.7,inferred
West Berkshire,2020-08-04,0.6,0.6,0.6,0.6,0.6,inferred
West Berkshire,2020-08-05,0.6,0.6,0.6,0.6,0.7,inferred
West Berkshire,2020-08-06,0.6,0.6,0.7,0.7,0.8,inferred
West Berkshire,2020-08-07,0.6,0.7,0.8,0.8,1.0,inferred
West Berkshire,2020-08-08,0.6,0.7,0.9,0.9,1.1,inferred
West Berkshire,2020-08-09,0.6,0.7,0.9,1.0,1.3,inferred
West Berkshire,2020-08-10,0.7,0.8,1.0,1.1,1.4,inferred
West Berkshire,2020-08-11,0.8,0.9,1.0,1.3,1.4,inferred
West Berkshire,2020-08-12,0.8,0.9,1.0,1.4,1.5,inferred
West Berkshire,2020-08-13,0.8,0.9,1.2,1.3,1.5,inferred
West Berkshire,2020-08-14,0.9,1.0,1.3,1.3,1.5,inferred
West Berkshire,2020-08-15,1.0,1.0,1.2,1.4,1.5,inferred
West Berkshire,2020-08-16,0.9,1.0,1.2,1.4,1.6,inferred
West Berkshire,2020-08-17,0.8,1.0,1.2,1.4,1.6,inferred
West Berkshire,2020-08-18,0.9,1.1,1.2,1.4,1.6,inferred
West Berkshire,2020-08-19,0.9,1.1,1.3,1.4,1.7,inferred
West Berkshire,2020-08-20,0.9,1.1,1.4,1.6,1.8,inferred
West Berkshire,2020-08-21,0.9,1.3,1.5,1.8,1.9,inferred
West Berkshire,2020-08-22,0.9,1.3,1.6,1.8,2.1,inferred
West Berkshire,2020-08-23,0.9,1.4,1.5,1.9,2.2,inferred
West Berkshire,2020-08-24,0.9,1.3,1.5,1.9,2.5,inferred
West Berkshire,2020-08-25,1.0,1.2,1.6,1.8,2.7,inferred
West Berkshire,2020-08-26,1.0,1.2,1.5,1.8,2.9,inferred
West Berkshire,2020-08-27,1.1,1.2,1.4,1.7,2.9,inferred
West Berkshire,2020-08-28,1.2,1.4,1.5,1.8,2.8,inferred
West Berkshire,2020-08-29,1.3,1.5,1.7,1.8,2.8,inferred
West Berkshire,2020-08-30,1.3,1.6,1.9,2.0,2.6,inferred
West Berkshire,2020-08-31,1.3,1.7,2.0,2.1,2.3,inferred
West Berkshire,2020-09-01,1.3,1.7,1.9,2.3,2.3,inferred
West Berkshire,2020-09-02,1.2,1.6,1.9,2.3,2.5,inferred
West Berkshire,2020-09-03,1.2,1.5,1.7,2.4,2.7,inferred
West Berkshire,2020-09-04,1.3,1.3,1.7,2.4,2.8,inferred
West Berkshire,2020-09-05,1.2,1.4,1.6,2.6,2.8,inferred
West Berkshire,2020-09-06,1.2,1.4,1.7,2.6,2.9,inferred
West Berkshire,2020-09-07,1.3,1.4,1.7,2.3,3.1,inferred
West Berkshire,2020-09-08,1.3,1.6,1.9,2.0,3.2,inferred
West Berkshire,2020-09-09,1.4,1.8,1.8,2.0,3.1,inferred
West Berkshire,2020-09-10,1.5,1.7,2.0,2.1,2.8,inferred
West Berkshire,2020-09-11,1.7,1.7,2.1,2.3,2.6,inferred
West Berkshire,2020-09-12,1.8,2.0,2.4,2.5,2.6,inferred
West Berkshire,2020-09-13,1.9,2.1,2.5,2.7,2.8,inferred
West Berkshire,2020-09-14,1.9,2.5,2.6,2.8,2.9,inferred
West Berkshire,2020-09-15,2.1,2.7,2.8,3.0,3.1,inferred
West Berkshire,2020-09-16,2.5,2.6,3.0,3.4,3.4,inferred
West Berkshire,2020-09-17,2.6,2.9,3.1,3.6,3.9,inferred
West Berkshire,2020-09-18,3.0,3.1,3.3,4.1,4.2,inferred
West Berkshire,2020-09-19,3.2,3.5,3.6,4.3,4.8,inferred
West Berkshire,2020-09-20,3.3,3.6,4.0,4.2,5.2,inferred
West Berkshire,2020-09-21,3.4,3.7,4.1,4.9,5.3,inferred
West Berkshire,2020-09-22,3.5,3.9,4.1,5.3,5.7,inferred
West Berkshire,2020-09-23,3.5,3.8,4.4,5.6,6.2,inferred
West Berkshire,2020-09-24,3.7,4.0,4.9,6.1,6.3,inferred
West Berkshire,2020-09-25,4.1,4.2,5.3,6.3,6.9,inferred
West Berkshire,2020-09-26,4.3,4.7,5.6,6.4,7.5,inferred
West Berkshire,2020-09-27,5.0,5.2,5.8,6.8,7.8,inferred
West Berkshire,2020-09-28,5.3,5.9,6.0,7.1,8.2,inferred
West Berkshire,2020-09-29,5.6,6.0,6.6,7.3,8.8,inferred
West Berkshire,2020-09-30,5.6,6.5,7.2,7.6,9.1,inferred
West Berkshire,2020-10-01,6.0,6.9,7.4,8.3,9.0,inferred
West Berkshire,2020-10-02,6.2,7.1,7.5,8.6,8.9,inferred
West Berkshire,2020-10-03,6.4,7.5,7.9,9.0,9.3,inferred
West Berkshire,2020-10-04,6.6,7.5,8.2,8.8,9.8,inferred
West Berkshire,2020-10-05,6.9,7.8,8.3,9.3,10.1,inferred
West Berkshire,2020-10-06,6.5,7.8,8.5,9.6,10.3,inferred
West Berkshire,2020-10-07,6.0,7.8,9.0,9.7,10.6,inferred
West Berkshire,2020-10-08,6.2,7.9,9.3,10.3,10.9,inferred
West Berkshire,2020-10-09,6.8,7.9,9.5,10.7,11.1,inferred
West Berkshire,2020-10-10,7.8,8.3,10.0,11.1,11.1,inferred
West Berkshire,2020-10-11,8.9,9.2,10.4,11.3,11.8,inferred
West Berkshire,2020-10-12,10.0,10.2,10.8,11.8,12.8,inferred
West Berkshire,2020-10-13,9.8,11.2,11.7,12.4,13.7,inferred
West Berkshire,2020-10-14,10.0,12.1,12.4,13.5,14.7,inferred
West Berkshire,2020-10-15,10.7,12.9,13.0,14.5,15.6,inferred
West Berkshire,2020-10-16,11.8,12.8,14.0,15.3,16.5,inferred
West Berkshire,2020-10-17,12.2,13.1,14.5,15.7,17.4,inferred
West Berkshire,2020-10-18,12.2,14.2,15.0,16.4,18.1,inferred
West Berkshire,2020-10-19,11.8,14.5,16.1,17.2,18.4,inferred
West Berkshire,2020-10-20,11.7,16.0,17.0,18.1,18.6,inferred
West Berkshire,2020-10-21,12.2,17.1,17.7,18.9,20.0,inferred
West Berkshire,2020-10-22,13.1,17.0,17.9,20.0,21.1,inferred
West Berkshire,2020-10-23,14.2,17.1,18.3,20.4,21.9,inferred
West Berkshire,2020-10-24,15.1,17.4,19.0,20.5,22.6,inferred
West Berkshire,2020-10-25,15.7,17.7,19.5,21.9,23.6,inferred
West Berkshire,2020-10-26,16.2,17.9,19.9,23.2,25.0,inferred
West Berkshire,2020-10-27,17.0,18.4,20.4,24.7,26.2,inferred
West Berkshire,2020-10-28,17.8,19.6,21.1,25.6,26.9,inferred
West Berkshire,2020-10-29,18.5,20.6,21.3,26.1,27.8,inferred
West Berkshire,2020-10-30,19.2,20.9,22.2,26.5,28.2,inferred
West Berkshire,2020-10-31,19.8,21.2,23.2,26.5,28.1,inferred
West Berkshire,2020-11-01,20.5,21.6,24.1,26.5,28.1,inferred
West Berkshire,2020-11-02,21.1,22.2,25.2,26.9,28.4,inferred
West Berkshire,2020-11-03,21.2,22.8,26.0,27.2,28.5,inferred
West Berkshire,2020-11-04,21.6,23.5,26.1,27.4,28.9,inferred
West Berkshire,2020-11-05,22.3,24.6,25.5,27.9,29.3,inferred
West Berkshire,2020-11-06,23.0,23.3,26.1,28.2,29.7,inferred
West Berkshire,2020-11-07,21.7,23.7,26.9,28.6,30.4,inferred
West Berkshire,2020-11-08,20.9,23.8,27.4,28.5,30.5,inferred
West Berkshire,2020-11-09,21.1,23.8,27.8,29.6,30.3,inferred
West Berkshire,2020-11-10,21.5,23.7,28.1,30.0,30.9,inferred
West Berkshire,2020-11-11,21.7,23.4,28.2,29.4,31.6,inferred
West Berkshire,2020-11-12,22.2,23.3,27.4,29.0,32.3,inferred
West Berkshire,2020-11-13,22.9,24.1,25.9,29.4,32.4,inferred
West Berkshire,2020-11-14,23.4,24.3,25.0,30.1,32.0,inferred
West Berkshire,2020-11-15,23.7,23.8,24.7,30.7,32.1,inferred
West Berkshire,2020-11-16,22.7,24.0,24.9,30.8,33.2,inferred
West Berkshire,2020-11-17,22.3,23.9,26.1,29.9,34.2,inferred
West Berkshire,2020-11-18,22.9,24.3,26.5,29.2,35.3,inferred
West Berkshire,2020-11-19,23.8,24.8,26.7,31.3,36.6,inferred
West Berkshire,2020-11-20,23.4,25.1,27.1,33.3,37.7,inferred
West Oxfordshire,2020-08-01,0.9,0.9,0.9,0.9,0.9,inferred
West Oxfordshire,2020-08-02,1.0,1.0,1.0,1.0,1.0,inferred
West Oxfordshire,2020-08-03,1.0,1.0,1.0,1.0,1.0,inferred
West Oxfordshire,2020-08-04,1.0,1.0,1.0,1.0,1.0,inferred
West Oxfordshire,2020-08-05,0.9,0.9,1.0,1.0,1.1,inferred
West Oxfordshire,2020-08-06,0.9,1.0,1.0,1.0,1.3,inferred
West Oxfordshire,2020-08-07,0.9,0.9,1.0,1.0,1.4,inferred
West Oxfordshire,2020-08-08,0.9,0.9,1.0,1.1,1.4,inferred
West Oxfordshire,2020-08-09,0.8,0.9,1.1,1.2,1.3,inferred
West Oxfordshire,2020-08-10,0.8,0.8,1.1,1.2,1.3,inferred
West Oxfordshire,2020-08-11,0.7,0.9,1.1,1.2,1.4,inferred
West Oxfordshire,2020-08-12,0.7,1.0,1.1,1.2,1.6,inferred
West Oxfordshire,2020-08-13,0.7,1.0,1.2,1.3,1.7,inferred
West Oxfordshire,2020-08-14,0.7,1.0,1.3,1.4,1.8,inferred
West Oxfordshire,2020-08-15,0.7,0.9,1.3,1.5,1.9,inferred
West Oxfordshire,2020-08-16,0.7,0.9,1.2,1.6,1.8,inferred
West Oxfordshire,2020-08-17,0.7,0.8,1.2,1.5,1.7,inferred
West Oxfordshire,2020-08-18,0.7,0.8,1.1,1.5,1.6,inferred
West Oxfordshire,2020-08-19,0.8,0.8,1.1,1.3,1.6,inferred
West Oxfordshire,2020-08-20,0.8,0.9,1.0,1.1,1.5,inferred
West Oxfordshire,2020-08-21,0.8,0.9,1.0,1.1,1.4,inferred
West Oxfordshire,2020-08-22,0.7,0.8,1.0,1.1,1.5,inferred
West Oxfordshire,2020-08-23,0.7,0.8,1.1,1.3,1.5,inferred
West Oxfordshire,2020-08-24,0.7,0.8,1.2,1.4,1.7,inferred
West Oxfordshire,2020-08-25,0.8,0.9,1.3,1.4,1.9,inferred
West Oxfordshire,2020-08-26,1.0,1.0,1.4,1.5,2.0,inferred
West Oxfordshire,2020-08-27,1.1,1.3,1.4,1.6,1.9,inferred
West Oxfordshire,2020-08-28,1.1,1.4,1.6,1.8,2.1,inferred
West Oxfordshire,2020-08-29,1.2,1.5,1.8,1.8,2.4,inferred
West Oxfordshire,2020-08-30,1.2,1.7,1.9,2.0,2.6,inferred
West Oxfordshire,2020-08-31,1.2,1.7,2.0,2.4,3.0,inferred
West Oxfordshire,2020-09-01,1.2,1.6,2.1,2.2,3.3,inferred
West Oxfordshire,2020-09-02,1.3,1.7,2.2,2.2,3.4,inferred
West Oxfordshire,2020-09-03,1.3,1.6,2.2,2.3,3.5,inferred
West Oxfordshire,2020-09-04,1.3,1.6,2.1,2.3,3.3,inferred
West Oxfordshire,2020-09-05,1.4,1.5,1.9,2.1,2.9,inferred
West Oxfordshire,2020-09-06,1.3,1.6,1.8,2.0,2.5,inferred
West Oxfordshire,2020-09-07,1.1,1.6,1.7,2.0,2.5,inferred
West Oxfordshire,2020-09-08,0.9,1.5,1.6,2.0,2.5,inferred
West Oxfordshire,2020-09-09,0.9,1.3,1.5,1.9,2.3,inferred
West Oxfordshire,2020-09-10,0.9,1.2,1.4,1.8,2.2,inferred
West Oxfordshire,2020-09-11,1.0,1.1,1.5,1.6,2.0,inferred
West Oxfordshire,2020-09-12,0.9,1.0,1.4,1.6,1.8,inferred
West Oxfordshire,2020-09-13,0.8,0.9,1.4,1.5,1.7,inferred
West Oxfordshire,2020-09-14,0.8,0.9,1.3,1.5,1.7,inferred
West Oxfordshire,2020-09-15,0.7,0.9,1.1,1.6,1.7,inferred
West Oxfordshire,2020-09-16,0.9,0.9,1.2,1.5,1.7,inferred
West Oxfordshire,2020-09-17,0.8,1.0,1.2,1.7,1.7,inferred
West Oxfordshire,2020-09-18,0.8,1.1,1.2,1.7,1.8,inferred
West Oxfordshire,2020-09-19,0.8,1.2,1.3,1.7,1.9,inferred
West Oxfordshire,2020-09-20,1.0,1.2,1.3,1.6,2.1,inferred
West Oxfordshire,2020-09-21,1.1,1.3,1.3,1.4,2.2,inferred
West Oxfordshire,2020-09-22,1.1,1.2,1.4,1.6,2.3,inferred
West Oxfordshire,2020-09-23,1.0,1.4,1.7,1.8,2.4,inferred
West Oxfordshire,2020-09-24,1.1,1.7,1.9,2.1,2.5,inferred
West Oxfordshire,2020-09-25,1.4,2.0,2.1,2.4,2.7,inferred
West Oxfordshire,2020-09-26,1.8,2.0,2.3,2.6,2.8,inferred
West Oxfordshire,2020-09-27,1.9,2.4,2.6,2.8,2.9,inferred
West Oxfordshire,2020-09-28,2.1,2.5,2.9,3.0,3.4,inferred
West Oxfordshire,2020-09-29,2.5,2.6,3.2,3.3,4.0,inferred
West Oxfordshire,2020-09-30,2.9,3.2,3.4,3.8,4.9,inferred
West Oxfordshire,2020-10-01,3.3,3.6,3.9,4.5,5.6,inferred
West Oxfordshire,2020-10-02,3.5,4.1,4.6,5.1,5.9,inferred
West Oxfordshire,2020-10-03,3.9,4.7,5.2,5.7,5.9,inferred
West Oxfordshire,2020-10-04,4.3,5.1,5.3,6.0,6.9,inferred
West Oxfordshire,2020-10-05,4.9,5.3,5.7,6.2,7.7,inferred
West Oxfordshire,2020-10-06,5.3,5.4,6.1,6.8,8.0,inferred
West Oxfordshire,2020-10-07,5.5,5.7,6.6,7.0,8.1,inferred
West Oxfordshire,2020-10-08,5.8,6.3,7.0,7.5,8.3,inferred
West Oxfordshire,2020-10-09,6.2,6.9,7.5,7.9,8.7,inferred
West Oxfordshire,2020-10-10,6.3,7.3,8.2,8.6,9.2,inferred
West Oxfordshire,2020-10-11,6.5,8.0,8.8,9.6,9.9,inferred
West Oxfordshire,2020-10-12,7.0,8.4,9.1,10.5,10.8,inferred
West Oxfordshire,2020-10-13,7.3,8.5,9.5,11.2,12.0,inferred
West Oxfordshire,2020-10-14,8.0,9.2,10.1,12.1,13.2,inferred
West Oxfordshire,2020-10-15,8.8,10.2,10.9,13.0,14.1,inferred
West Oxfordshire,2020-10-16,9.7,10.3,11.7,12.9,14.6,inferred
West Oxfordshire,2020-10-17,10.9,11.8,12.7,13.1,16.0,inferred
West Oxfordshire,2020-10-18,12.4,12.8,14.0,15.2,17.1,inferred
West Oxfordshire,2020-10-19,13.4,14.1,15.2,17.9,18.2,inferred
West Oxfordshire,2020-10-20,14.3,15.6,16.6,19.0,20.5,inferred
West Oxfordshire,2020-10-21,14.9,16.4,17.4,19.1,22.2,inferred
West Oxfordshire,2020-10-22,15.3,17.0,18.2,19.1,22.8,inferred
West Oxfordshire,2020-10-23,15.3,17.0,18.6,19.6,22.8,inferred
West Oxfordshire,2020-10-24,15.2,16.9,18.6,20.5,22.9,inferred
West Oxfordshire,2020-10-25,15.2,16.7,18.3,20.7,22.8,inferred
West Oxfordshire,2020-10-26,15.4,16.4,18.3,21.1,22.8,inferred
West Oxfordshire,2020-10-27,15.9,17.1,18.6,21.1,24.5,inferred
West Oxfordshire,2020-10-28,16.2,18.1,19.1,20.8,26.0,inferred
West Oxfordshire,2020-10-29,16.9,18.1,19.9,20.2,26.7,inferred
West Oxfordshire,2020-10-30,18.0,18.3,19.7,21.4,26.3,inferred
West Oxfordshire,2020-10-31,17.8,19.0,20.7,22.0,25.2,inferred
West Oxfordshire,2020-11-01,17.6,18.7,21.6,23.1,23.8,inferred
West Oxfordshire,2020-11-02,17.6,18.9,22.2,23.8,24.0,inferred
West Oxfordshire,2020-11-03,17.9,19.2,22.4,23.4,24.4,inferred
West Oxfordshire,2020-11-04,18.3,19.4,22.5,23.0,23.7,inferred
West Oxfordshire,2020-11-05,19.0,19.8,21.6,22.2,23.8,inferred
West Oxfordshire,2020-11-06,19.7,20.0,20.3,21.1,24.2,inferred
West Oxfordshire,2020-11-07,18.1,19.8,20.0,20.3,24.4,inferred
West Oxfordshire,2020-11-08,16.9,18.3,19.9,20.1,24.3,inferred
West Oxfordshire,2020-11-09,16.5,17.6,19.0,20.8,24.0,inferred
West Oxfordshire,2020-11-10,16.4,17.3,18.1,21.3,23.7,inferred
West Oxfordshire,2020-11-11,16.3,17.0,17.8,21.4,23.3,inferred
West Oxfordshire,2020-11-12,15.7,16.3,17.5,20.3,22.3,inferred
West Oxfordshire,2020-11-13,15.4,15.6,17.1,18.5,20.9,inferred
West Oxfordshire,2020-11-14,14.6,15.1,16.6,17.8,20.4,inferred
West Oxfordshire,2020-11-15,14.2,15.1,16.4,17.3,19.4,inferred
West Oxfordshire,2020-11-16,13.9,14.2,15.7,17.0,17.8,inferred
West Oxfordshire,2020-11-17,12.5,13.6,14.5,15.7,17.5,inferred
West Oxfordshire,2020-11-18,10.7,13.0,13.6,14.3,16.5,inferred
West Oxfordshire,2020-11-19,9.3,12.0,12.8,13.8,15.0,inferred
West Oxfordshire,2020-11-20,8.7,11.0,12.0,13.6,14.3,inferred
Windsor and Maidenhead,2020-08-01,1.3,1.3,1.3,1.3,1.3,inferred
Windsor and Maidenhead,2020-08-02,1.5,1.5,1.5,1.5,1.5,inferred
Windsor and Maidenhead,2020-08-03,1.6,1.6,1.6,1.6,1.6,inferred
Windsor and Maidenhead,2020-08-04,1.5,1.5,1.5,1.5,1.5,inferred
Windsor and Maidenhead,2020-08-05,1.3,1.3,1.4,1.4,1.6,inferred
Windsor and Maidenhead,2020-08-06,1.1,1.1,1.2,1.4,1.7,inferred
Windsor and Maidenhead,2020-08-07,0.9,1.0,1.2,1.4,1.9,inferred
Windsor and Maidenhead,2020-08-08,0.8,0.9,1.2,1.4,1.9,inferred
Windsor and Maidenhead,2020-08-09,0.8,1.0,1.3,1.5,1.9,inferred
Windsor and Maidenhead,2020-08-10,0.9,1.0,1.5,1.6,2.0,inferred
Windsor and Maidenhead,2020-08-11,1.1,1.1,1.6,1.9,2.3,inferred
Windsor and Maidenhead,2020-08-12,1.3,1.5,1.8,2.1,2.6,inferred
Windsor and Maidenhead,2020-08-13,1.7,1.9,2.3,2.6,2.8,inferred
Windsor and Maidenhead,2020-08-14,2.0,2.1,2.6,2.9,3.3,inferred
Windsor and Maidenhead,2020-08-15,2.1,2.4,2.9,3.2,4.0,inferred
Windsor and Maidenhead,2020-08-16,2.3,2.5,3.1,3.5,4.3,inferred
Windsor and Maidenhead,2020-08-17,2.7,2.9,3.4,3.9,4.5,inferred
Windsor and Maidenhead,2020-08-18,3.0,3.3,3.6,4.2,4.7,inferred
Windsor and Maidenhead,2020-08-19,3.2,3.8,4.0,4.3,4.9,inferred
Windsor and Maidenhead,2020-08-20,3.1,3.9,4.2,4.6,5.0,inferred
Windsor and Maidenhead,2020-08-21,3.2,3.9,4.3,4.5,4.8,inferred
Windsor and Maidenhead,2020-08-22,3.4,3.8,4.1,4.4,4.6,inferred
Windsor and Maidenhead,2020-08-23,3.4,3.7,3.9,4.0,4.4,inferred
Windsor and Maidenhead,2020-08-24,3.2,3.3,3.7,4.2,4.3,inferred
Windsor and Maidenhead,2020-08-25,2.8,3.2,3.7,4.0,4.5,inferred
Windsor and Maidenhead,2020-08-26,2.5,3.0,3.7,3.9,4.4,inferred
Windsor and Maidenhead,2020-08-27,2.4,3.1,3.8,4.1,4.3,inferred
Windsor and Maidenhead,2020-08-28,2.4,3.3,3.8,4.2,5.1,inferred
Windsor and Maidenhead,2020-08-29,2.5,3.4,4.1,4.3,5.8,inferred
Windsor and Maidenhead,2020-08-30,2.8,3.7,4.4,4.6,6.2,inferred
Windsor and Maidenhead,2020-08-31,3.4,4.0,4.8,5.2,6.2,inferred
Windsor and Maidenhead,2020-09-01,3.4,4.2,5.1,5.7,6.3,inferred
Windsor and Maidenhead,2020-09-02,3.5,4.9,5.3,6.0,6.6,inferred
Windsor and Maidenhead,2020-09-03,4.0,5.3,5.6,6.2,6.4,inferred
Windsor and Maidenhead,2020-09-04,4.9,5.4,5.9,6.3,6.4,inferred
Windsor and Maidenhead,2020-09-05,5.5,6.0,6.1,6.6,6.9,inferred
Windsor and Maidenhead,2020-09-06,5.6,6.1,6.6,7.1,7.4,inferred
Windsor and Maidenhead,2020-09-07,5.8,6.6,7.3,7.9,8.4,inferred
Windsor and Maidenhead,2020-09-08,5.5,6.7,7.8,8.8,9.4,inferred
Windsor and Maidenhead,2020-09-09,5.8,6.6,8.0,9.1,10.4,inferred
Windsor and Maidenhead,2020-09-10,6.3,6.8,8.0,9.5,10.6,inferred
Windsor and Maidenhead,2020-09-11,5.8,7.0,7.9,9.0,9.9,inferred
Windsor and Maidenhead,2020-09-12,5.4,7.0,7.8,8.3,8.8,inferred
Windsor and Maidenhead,2020-09-13,5.2,6.8,7.1,7.5,8.5,inferred
Windsor and Maidenhead,2020-09-14,5.1,6.4,6.7,7.0,8.6,inferred
Windsor and Maidenhead,2020-09-15,5.1,5.8,6.2,7.4,8.5,inferred
Windsor and Maidenhead,2020-09-16,5.2,5.4,6.0,6.9,8.2,inferred
Windsor and Maidenhead,2020-09-17,5.3,5.4,6.1,6.4,8.5,inferred
Windsor and Maidenhead,2020-09-18,4.7,5.6,6.0,6.6,8.4,inferred
Windsor and Maidenhead,2020-09-19,4.4,5.6,6.1,7.2,8.0,inferred
Windsor and Maidenhead,2020-09-20,4.3,6.1,6.3,7.4,7.8,inferred
Windsor and Maidenhead,2020-09-21,4.3,6.3,6.7,7.7,8.2,inferred
Windsor and Maidenhead,2020-09-22,4.2,6.2,6.8,8.0,9.1,inferred
Windsor and Maidenhead,2020-09-23,4.3,5.8,6.8,7.9,9.2,inferred
Windsor and Maidenhead,2020-09-24,4.6,5.9,6.8,7.3,8.8,inferred
Windsor and Maidenhead,2020-09-25,4.7,6.4,7.0,7.2,8.2,inferred
Windsor and Maidenhead,2020-09-26,5.2,6.8,7.1,7.6,8.3,inferred
Windsor and Maidenhead,2020-09-27,6.2,7.4,7.7,7.9,9.2,inferred
Windsor and Maidenhead,2020-09-28,7.3,8.2,8.6,9.2,10.2,inferred
Windsor and Maidenhead,2020-09-29,8.0,9.1,9.9,10.2,11.0,inferred
Windsor and Maidenhead,2020-09-30,8.7,10.3,10.8,11.3,13.3,inferred
Windsor and Maidenhead,2020-10-01,9.4,10.3,12.2,13.1,15.6,inferred
Windsor and Maidenhead,2020-10-02,9.9,10.7,13.3,14.8,17.2,inferred
Windsor and Maidenhead,2020-10-03,9.8,12.1,14.2,16.5,18.6,inferred
Windsor and Maidenhead,2020-10-04,10.2,14.0,15.3,17.3,19.7,inferred
Windsor and Maidenhead,2020-10-05,11.5,15.9,16.7,17.3,20.0,inferred
Windsor and Maidenhead,2020-10-06,13.0,17.5,17.8,18.4,21.5,inferred
Windsor and Maidenhead,2020-10-07,14.5,17.9,19.1,20.0,23.0,inferred
Windsor and Maidenhead,2020-10-08,15.6,18.0,19.3,20.9,23.6,inferred
Windsor and Maidenhead,2020-10-09,16.1,18.3,19.6,20.9,23.5,inferred
Windsor and Maidenhead,2020-10-10,16.6,19.2,20.3,21.1,23.1,inferred
Windsor and Maidenhead,2020-10-11,17.0,20.4,20.8,21.4,23.2,inferred
Windsor and Maidenhead,2020-10-12,17.7,20.6,21.5,22.3,27.0,inferred
Windsor and Maidenhead,2020-10-13,18.8,21.5,22.2,23.7,30.6,inferred
Windsor and Maidenhead,2020-10-14,19.2,21.8,24.1,25.1,33.2,inferred
Windsor and Maidenhead,2020-10-15,18.9,22.6,25.2,26.9,34.4,inferred
Windsor and Maidenhead,2020-10-16,19.9,24.1,26.0,28.4,33.9,inferred
Windsor and Maidenhead,2020-10-17,21.6,25.2,26.4,29.0,32.4,inferred
Windsor and Maidenhead,2020-10-18,23.4,25.9,26.8,28.8,31.7,inferred
Windsor and Maidenhead,2020-10-19,25.5,25.7,26.9,28.4,33.2,inferred
Windsor and Maidenhead,2020-10-20,25.1,25.9,27.7,28.5,34.0,inferred
Windsor and Maidenhead,2020-10-21,24.1,26.4,27.5,29.2,34.1,inferred
Windsor and Maidenhead,2020-10-22,23.4,26.3,27.1,30.4,33.4,inferred
Windsor and Maidenhead,2020-10-23,24.3,26.6,27.6,29.7,32.5,inferred
Windsor and Maidenhead,2020-10-24,24.6,27.0,28.7,29.0,32.5,inferred
Windsor and Maidenhead,2020-10-25,26.8,27.9,29.1,31.2,32.5,inferred
Windsor and Maidenhead,2020-10-26,28.0,29.3,30.0,31.6,33.6,inferred
Windsor and Maidenhead,2020-10-27,28.1,30.5,31.6,33.7,35.1,inferred
Windsor and Maidenhead,2020-10-28,28.5,31.0,33.2,36.3,37.2,inferred
Windsor and Maidenhead,2020-10-29,29.7,30.9,34.8,37.0,39.4,inferred
Windsor and Maidenhead,2020-10-30,30.0,32.5,35.5,37.8,42.1,inferred
Windsor and Maidenhead,2020-10-31,29.9,32.9,35.8,38.0,43.8,inferred
Windsor and Maidenhead,2020-11-01,29.3,32.9,36.9,38.8,43.0,inferred
Windsor and Maidenhead,2020-11-02,28.8,34.0,36.6,40.2,44.1,inferred
Windsor and Maidenhead,2020-11-03,28.8,33.3,36.1,38.2,45.3,inferred
Windsor and Maidenhead,2020-11-04,29.4,32.5,34.5,37.4,45.1,inferred
Windsor and Maidenhead,2020-11-05,29.5,32.5,33.7,37.7,43.2,inferred
Windsor and Maidenhead,2020-11-06,29.7,33.1,34.3,37.7,43.6,inferred
Windsor and Maidenhead,2020-11-07,31.0,33.9,36.1,38.0,44.5,inferred
Windsor and Maidenhead,2020-11-08,32.7,35.6,37.7,38.5,46.3,inferred
Windsor and Maidenhead,2020-11-09,33.8,36.9,38.6,40.2,48.5,inferred
Windsor and Maidenhead,2020-11-10,33.7,38.7,40.0,42.2,49.4,inferred
Windsor and Maidenhead,2020-11-11,33.2,39.1,40.1,43.1,50.0,inferred
Windsor and Maidenhead,2020-11-12,32.9,39.0,39.7,41.4,49.1,inferred
Windsor and Maidenhead,2020-11-13,32.5,37.9,38.6,39.2,46.2,inferred
Windsor and Maidenhead,2020-11-14,32.8,37.1,37.5,38.2,42.3,inferred
Windsor and Maidenhead,2020-11-15,33.0,35.0,36.5,38.4,38.9,inferred
Windsor and Maidenhead,2020-11-16,32.6,33.3,35.8,37.6,38.9,inferred
Windsor and Maidenhead,2020-11-17,30.1,33.6,35.9,38.0,40.0,inferred
Windsor and Maidenhead,2020-11-18,27.9,32.9,35.8,38.0,42.3,inferred
Windsor and Maidenhead,2020-11-19,26.0,32.5,34.2,37.7,44.8,inferred
Windsor and Maidenhead,2020-11-20,24.4,30.6,33.7,37.5,46.7,inferred
Wokingham,2020-08-01,0.6,0.6,0.6,0.6,0.6,inferred
Wokingham,2020-08-02,0.6,0.6,0.6,0.6,0.6,inferred
Wokingham,2020-08-03,0.6,0.7,0.7,0.7,0.7,inferred
Wokingham,2020-08-04,0.7,0.7,0.7,0.7,0.7,inferred
Wokingham,2020-08-05,0.6,0.6,0.7,0.7,0.8,inferred
Wokingham,2020-08-06,0.5,0.6,0.7,0.7,0.8,inferred
Wokingham,2020-08-07,0.4,0.6,0.7,0.7,0.9,inferred
Wokingham,2020-08-08,0.4,0.6,0.7,0.8,0.9,inferred
Wokingham,2020-08-09,0.5,0.6,0.6,0.8,0.9,inferred
Wokingham,2020-08-10,0.5,0.6,0.7,0.8,1.0,inferred
Wokingham,2020-08-11,0.6,0.7,0.7,0.9,1.0,inferred
Wokingham,2020-08-12,0.6,0.8,0.8,0.9,1.0,inferred
Wokingham,2020-08-13,0.7,0.8,0.9,1.0,1.0,inferred
Wokingham,2020-08-14,0.7,0.9,0.9,1.0,1.4,inferred
Wokingham,2020-08-15,0.8,0.9,1.0,1.2,1.6,inferred
Wokingham,2020-08-16,0.9,1.0,1.1,1.3,1.7,inferred
Wokingham,2020-08-17,1.1,1.1,1.3,1.3,1.7,inferred
Wokingham,2020-08-18,1.1,1.3,1.4,1.5,1.6,inferred
Wokingham,2020-08-19,1.2,1.3,1.5,1.6,2.0,inferred
Wokingham,2020-08-20,1.1,1.5,1.6,1.7,2.7,inferred
Wokingham,2020-08-21,1.1,1.6,1.7,1.7,3.4,inferred
Wokingham,2020-08-22,1.2,1.6,1.7,1.8,3.8,inferred
Wokingham,2020-08-23,1.4,1.6,1.7,1.9,3.8,inferred
Wokingham,2020-08-24,1.5,1.6,1.7,1.9,3.7,inferred
Wokingham,2020-08-25,1.5,1.6,1.8,1.9,3.6,inferred
Wokingham,2020-08-26,1.4,1.7,1.9,2.1,3.6,inferred
Wokingham,2020-08-27,1.3,1.8,2.0,2.3,3.5,inferred
Wokingham,2020-08-28,1.4,1.9,2.1,2.3,3.4,inferred
Wokingham,2020-08-29,1.5,2.0,2.2,2.4,3.3,inferred
Wokingham,2020-08-30,1.7,2.1,2.2,2.7,3.1,inferred
Wokingham,2020-08-31,2.0,2.1,2.3,2.8,2.9,inferred
Wokingham,2020-09-01,2.1,2.3,2.5,2.8,3.1,inferred
Wokingham,2020-09-02,2.1,2.4,2.5,2.9,3.2,inferred
Wokingham,2020-09-03,2.0,2.3,2.6,2.9,3.1,inferred
Wokingham,2020-09-04,2.1,2.2,2.6,2.9,3.0,inferred
Wokingham,2020-09-05,2.1,2.3,2.6,2.8,3.1,inferred
Wokingham,2020-09-06,2.0,2.5,2.6,2.7,3.2,inferred
Wokingham,2020-09-07,1.9,2.4,2.6,2.8,3.1,inferred
Wokingham,2020-09-08,1.8,2.3,2.5,3.0,3.0,inferred
Wokingham,2020-09-09,1.8,2.2,2.3,2.6,3.0,inferred
Wokingham,2020-09-10,1.8,1.9,2.2,2.4,2.9,inferred
Wokingham,2020-09-11,1.7,1.9,2.2,2.4,2.8,inferred
Wokingham,2020-09-12,1.7,1.8,2.2,2.5,2.8,inferred
Wokingham,2020-09-13,1.8,1.9,2.3,2.6,2.8,inferred
Wokingham,2020-09-14,1.9,2.0,2.5,2.7,2.8,inferred
Wokingham,2020-09-15,2.1,2.2,2.8,2.9,3.1,inferred
Wokingham,2020-09-16,2.4,2.6,3.1,3.2,3.5,inferred
Wokingham,2020-09-17,2.7,2.9,3.4,3.8,4.0,inferred
Wokingham,2020-09-18,3.0,3.3,3.8,4.0,4.9,inferred
Wokingham,2020-09-19,3.3,3.7,4.0,4.4,5.7,inferred
Wokingham,2020-09-20,3.7,3.9,4.4,4.7,6.2,inferred
Wokingham,2020-09-21,4.1,4.4,4.6,5.1,6.5,inferred
Wokingham,2020-09-22,4.5,4.7,5.0,5.6,6.7,inferred
Wokingham,2020-09-23,5.0,5.0,5.3,5.8,6.8,inferred
Wokingham,2020-09-24,4.8,5.4,5.7,6.5,7.3,inferred
Wokingham,2020-09-25,4.6,5.6,5.9,7.1,7.7,inferred
Wokingham,2020-09-26,4.5,5.9,6.2,7.4,8.1,inferred
Wokingham,2020-09-27,4.5,5.9,6.7,7.5,8.5,inferred
Wokingham,2020-09-28,5.0,5.8,7.2,7.9,9.0,inferred
Wokingham,2020-09-29,5.8,6.2,7.3,8.6,9.6,inferred
Wokingham,2020-09-30,6.8,7.0,7.8,9.3,10.1,inferred
Wokingham,2020-10-01,7.0,7.7,8.4,9.4,10.4,inferred
Wokingham,2020-10-02,7.1,8.0,8.9,9.6,10.8,inferred
Wokingham,2020-10-03,7.4,8.3,9.1,10.5,11.4,inferred
Wokingham,2020-10-04,7.8,8.9,9.2,11.2,12.1,inferred
Wokingham,2020-10-05,8.1,9.3,9.8,11.5,12.8,inferred
Wokingham,2020-10-06,8.6,9.8,10.6,12.0,13.5,inferred
Wokingham,2020-10-07,9.2,10.4,11.1,12.7,14.1,inferred
Wokingham,2020-10-08,10.1,10.8,11.9,13.2,14.3,inferred
Wokingham,2020-10-09,11.4,11.4,12.6,14.3,14.7,inferred
Wokingham,2020-10-10,12.2,12.9,13.4,15.0,15.8,inferred
Wokingham,2020-10-11,12.7,14.2,14.7,15.4,17.1,inferred
Wokingham,2020-10-12,13.2,15.2,15.9,16.9,18.1,inferred
Wokingham,2020-10-13,14.7,15.2,17.1,18.3,18.7,inferred
Wokingham,2020-10-14,15.1,17.1,18.1,18.4,20.0,inferred
Wokingham,2020-10-15,15.9,18.0,18.9,19.2,21.1,inferred
Wokingham,2020-10-16,16.9,17.9,19.4,20.4,22.0,inferred
Wokingham,2020-10-17,17.7,18.2,20.0,21.5,22.8,inferred
Wokingham,2020-10-18,18.5,18.9,20.2,22.2,23.3,inferred
Wokingham,2020-10-19,18.8,19.5,20.7,22.5,24.1,inferred
Wokingham,2020-10-20,18.9,19.8,21.3,23.2,25.1,inferred
Wokingham,2020-10-21,19.3,19.7,21.8,24.2,25.6,inferred
Wokingham,2020-10-22,19.4,20.5,22.0,24.7,25.8,inferred
Wokingham,2020-10-23,19.0,21.6,22.1,24.7,25.8,inferred
Wokingham,2020-10-24,19.3,21.2,22.6,24.6,25.9,inferred
Wokingham,2020-10-25,20.2,21.1,23.4,24.5,26.2,inferred
Wokingham,2020-10-26,20.9,21.9,23.6,24.5,26.9,inferred
Wokingham,2020-10-27,21.3,22.9,23.8,25.4,27.5,inferred
Wokingham,2020-10-28,21.2,23.1,24.5,26.1,27.3,inferred
Wokingham,2020-10-29,21.6,22.8,25.7,26.1,26.4,inferred
Wokingham,2020-10-30,22.0,23.3,25.0,26.0,27.7,inferred
Wokingham,2020-10-31,21.7,24.0,25.5,25.8,28.4,inferred
Wokingham,2020-11-01,20.4,25.0,25.8,26.6,28.2,inferred
Wokingham,2020-11-02,20.2,24.9,26.3,27.6,28.5,inferred
Wokingham,2020-11-03,21.2,25.0,26.8,28.6,29.6,inferred
Wokingham,2020-11-04,22.7,24.7,27.7,30.0,30.6,inferred
Wokingham,2020-11-05,23.9,24.9,28.6,30.3,31.6,inferred
Wokingham,2020-11-06,25.0,25.4,29.2,31.1,33.1,inferred
Wokingham,2020-11-07,25.9,26.7,29.7,32.0,34.2,inferred
Wokingham,2020-11-08,26.9,28.2,30.9,32.1,35.3,inferred
Wokingham,2020-11-09,27.6,29.6,31.9,32.5,36.2,inferred
Wokingham,2020-11-10,27.0,30.0,32.0,33.7,36.9,inferred
Wokingham,2020-11-11,26.2,30.6,32.6,33.9,37.4,inferred
Wokingham,2020-11-12,25.9,31.2,32.7,33.5,37.5,inferred
Wokingham,2020-11-13,26.2,31.3,32.5,33.2,37.3,inferred
Wokingham,2020-11-14,26.2,31.2,31.6,33.6,37.1,inferred
Wokingham,2020-11-15,25.8,30.4,31.6,33.8,37.2,inferred
Wokingham,2020-11-16,26.0,29.8,31.9,34.5,37.6,inferred
Wokingham,2020-11-17,27.1,29.9,32.0,35.9,38.3,inferred
Wokingham,2020-11-18,27.6,29.2,32.5,37.4,39.0,inferred
Wokingham,2020-11-19,27.1,28.9,33.2,38.9,39.9,inferred
Wokingham,2020-11-20,26.4,28.1,33.4,40.8,41.3,inferred
